<metadata xml:lang="en"><Esri><CreaDate>20200902</CreaDate><CreaTime>10424700</CreaTime><ArcGISFormat>1.0</ArcGISFormat><SyncOnce>FALSE</SyncOnce><DataProperties><itemProps><itemName Sync="TRUE">ca_offshore</itemName><imsContentType Sync="TRUE">002</imsContentType><itemLocation><linkage Sync="TRUE">file://\\IGSKCICGLTGW055\C$\Users\rschmitt\Documents\ArcGIS\Projects\Faults\Qfaults\Databases\Final\ver_2\Qfaults_GIS\SHP\ca_offshore.shp</linkage><protocol Sync="TRUE">Local Area Network</protocol></itemLocation><itemSize Sync="TRUE">0.000</itemSize></itemProps><coordRef><type Sync="TRUE">Geographic</type><geogcsn Sync="TRUE">GCS_WGS_1984</geogcsn><csUnits Sync="TRUE">Angular Unit: Degree (0.017453)</csUnits><peXml Sync="TRUE">&lt;GeographicCoordinateSystem xsi:type='typens:GeographicCoordinateSystem' xmlns:xsi='http://www.w3.org/2001/XMLSchema-instance' xmlns:xs='http://www.w3.org/2001/XMLSchema' xmlns:typens='http://www.esri.com/schemas/ArcGIS/2.6.0'&gt;&lt;WKT&gt;GEOGCS[&amp;quot;GCS_WGS_1984&amp;quot;,DATUM[&amp;quot;D_WGS_1984&amp;quot;,SPHEROID[&amp;quot;WGS_1984&amp;quot;,6378137.0,298.257223563]],PRIMEM[&amp;quot;Greenwich&amp;quot;,0.0],UNIT[&amp;quot;Degree&amp;quot;,0.0174532925199433],AUTHORITY[&amp;quot;EPSG&amp;quot;,4326]]&lt;/WKT&gt;&lt;XOrigin&gt;-400&lt;/XOrigin&gt;&lt;YOrigin&gt;-400&lt;/YOrigin&gt;&lt;XYScale&gt;11258999068426.238&lt;/XYScale&gt;&lt;ZOrigin&gt;-100000&lt;/ZOrigin&gt;&lt;ZScale&gt;10000&lt;/ZScale&gt;&lt;MOrigin&gt;-100000&lt;/MOrigin&gt;&lt;MScale&gt;10000&lt;/MScale&gt;&lt;XYTolerance&gt;8.983152841195215e-09&lt;/XYTolerance&gt;&lt;ZTolerance&gt;0.001&lt;/ZTolerance&gt;&lt;MTolerance&gt;0.001&lt;/MTolerance&gt;&lt;HighPrecision&gt;true&lt;/HighPrecision&gt;&lt;LeftLongitude&gt;-180&lt;/LeftLongitude&gt;&lt;WKID&gt;4326&lt;/WKID&gt;&lt;LatestWKID&gt;4326&lt;/LatestWKID&gt;&lt;/GeographicCoordinateSystem&gt;</peXml></coordRef><lineage><Process ToolSource="c:\program files\arcgis\pro\Resources\ArcToolbox\toolboxes\Conversion Tools.tbx\FeatureClassToFeatureClass" Date="20200505" Time="121322">FeatureClassToFeatureClass "California Offshore Faults" C:\Users\rschmitt\Documents\ArcGIS\Projects\Faults\Qfaults\Databases\Edits\Qfault_edits.gdb\States CA_offshore # "FAULT_NAME "FAULT_NAME" true true false 100 Text 0 0,First,#,California Offshore Faults,FAULT_NAME,0,100;FAULT_ZONE "FAULT_ZONE" true true false 100 Text 0 0,First,#,California Offshore Faults,FAULT_ZONE,0,100;SECTION_NA "SECTION_NA" true true false 100 Text 0 0,First,#,California Offshore Faults,SECTION_NA,0,100;OTHER_NAME "OTHER_NAME" true true false 100 Text 0 0,First,#,California Offshore Faults,OTHER_NAME,0,100;FAULT_ID "FAULT_ID" true true false 25 Text 0 0,First,#,California Offshore Faults,FAULT_ID,0,25;FLT_AGE "FLT_AGE" true true false 10 Text 0 0,First,#,California Offshore Faults,FLT_AGE,0,10;SLIP_RATE "SLIP_RATE" true true false 20 Text 0 0,First,#,California Offshore Faults,SLIP_RATE,0,20;SLIP_SENSE "SLIP_SENSE" true true false 20 Text 0 0,First,#,California Offshore Faults,SLIP_SENSE,0,20;SHAPE_LENG "SHAPE_LENG" true true false 7 Float 3 6,First,#,California Offshore Faults,SHAPE_LENG,-1,-1;MAPPED_SCA "MAPPED_SCA" true true false 50 Text 0 0,First,#,California Offshore Faults,MAPPED_SCA,0,50;LINE_TYPE "LINE_TYPE" true true false 50 Text 0 0,First,#,California Offshore Faults,LINE_TYPE,0,50;EXPRESSION "EXPRESSION" true true false 250 Text 0 0,First,#,California Offshore Faults,EXPRESSION,0,250;FLT_SOURCE "FLT_SOURCE" true true false 250 Text 0 0,First,#,California Offshore Faults,FLT_SOURCE,0,250" #</Process><Process ToolSource="c:\program files\arcgis\pro\Resources\ArcToolbox\toolboxes\Data Management Tools.tbx\CalculateField" Date="20200505" Time="121505">CalculateField CA_offshore FLT_AGE 'latest Quaternary' PYTHON3 # Text</Process><Process ToolSource="c:\program files\arcgis\pro\Resources\ArcToolbox\toolboxes\Data Management Tools.tbx\UpdateSchema" Date="20200505" Time="121531">UpdateSchema "CIMDATA=&lt;CIMFeatureDatasetDataConnection xsi:type='typens:CIMFeatureDatasetDataConnection' xmlns:xsi='http://www.w3.org/2001/XMLSchema-instance' xmlns:xs='http://www.w3.org/2001/XMLSchema' xmlns:typens='http://www.esri.com/schemas/ArcGIS/2.5.0'&gt;&lt;FeatureDataset&gt;States&lt;/FeatureDataset&gt;&lt;WorkspaceConnectionString&gt;DATABASE=C:\Users\rschmitt\Documents\ArcGIS\Projects\Faults\Qfaults\Databases\Edits\Qfault_edits.gdb&lt;/WorkspaceConnectionString&gt;&lt;WorkspaceFactory&gt;FileGDB&lt;/WorkspaceFactory&gt;&lt;Dataset&gt;CA_offshore&lt;/Dataset&gt;&lt;DatasetType&gt;esriDTFeatureClass&lt;/DatasetType&gt;&lt;/CIMFeatureDatasetDataConnection&gt;" &lt;operationSequence&gt;&lt;workflow&gt;&lt;AlterField&gt;&lt;field_name&gt;FLT_AGE&lt;/field_name&gt;&lt;field_type&gt;TEXT&lt;/field_type&gt;&lt;field_length&gt;100&lt;/field_length&gt;&lt;field_is_nullable&gt;True&lt;/field_is_nullable&gt;&lt;clear_field_alias&gt;False&lt;/clear_field_alias&gt;&lt;/AlterField&gt;&lt;/workflow&gt;&lt;/operationSequence&gt;</Process><Process ToolSource="c:\program files\arcgis\pro\Resources\ArcToolbox\toolboxes\Data Management Tools.tbx\CalculateField" Date="20200505" Time="121541">CalculateField CA_offshore FLT_AGE 'latest Quaternary' PYTHON3 # Text</Process><Process ToolSource="c:\program files\arcgis\pro\Resources\ArcToolbox\toolboxes\Data Management Tools.tbx\CalculateField" Date="20200505" Time="121755">CalculateField CA_offshore FLT_AGE 'historic' PYTHON3 # Text</Process><Process ToolSource="c:\program files\arcgis\pro\Resources\ArcToolbox\toolboxes\Data Management Tools.tbx\CalculateField" Date="20200505" Time="121914">CalculateField CA_offshore FLT_AGE 'late Quaternary' PYTHON3 # Text</Process><Process ToolSource="c:\program files\arcgis\pro\Resources\ArcToolbox\toolboxes\Data Management Tools.tbx\CalculateField" Date="20200505" Time="122325">CalculateField CA_offshore FLT_AGE 'pre-Quaternary' PYTHON3 # Text</Process><Process ToolSource="c:\program files\arcgis\pro\Resources\ArcToolbox\toolboxes\Data Management Tools.tbx\CalculateField" Date="20200505" Time="122503">CalculateField CA_offshore FLT_AGE 'undifferentiated Quaternary' PYTHON3 # Text</Process><Process ToolSource="c:\program files\arcgis\pro\Resources\ArcToolbox\toolboxes\Data Management Tools.tbx\UpdateSchema" Date="20200505" Time="122803">UpdateSchema "CIMDATA=&lt;CIMFeatureDatasetDataConnection xsi:type='typens:CIMFeatureDatasetDataConnection' xmlns:xsi='http://www.w3.org/2001/XMLSchema-instance' xmlns:xs='http://www.w3.org/2001/XMLSchema' xmlns:typens='http://www.esri.com/schemas/ArcGIS/2.5.0'&gt;&lt;FeatureDataset&gt;States&lt;/FeatureDataset&gt;&lt;WorkspaceConnectionString&gt;DATABASE=C:\Users\rschmitt\Documents\ArcGIS\Projects\Faults\Qfaults\Databases\Edits\Qfault_edits.gdb&lt;/WorkspaceConnectionString&gt;&lt;WorkspaceFactory&gt;FileGDB&lt;/WorkspaceFactory&gt;&lt;Dataset&gt;CA_offshore&lt;/Dataset&gt;&lt;DatasetType&gt;esriDTFeatureClass&lt;/DatasetType&gt;&lt;/CIMFeatureDatasetDataConnection&gt;" &lt;operationSequence&gt;&lt;workflow&gt;&lt;AddField&gt;&lt;field_name&gt;Location&lt;/field_name&gt;&lt;field_type&gt;TEXT&lt;/field_type&gt;&lt;field_length&gt;255&lt;/field_length&gt;&lt;field_alias&gt;Location&lt;/field_alias&gt;&lt;field_is_nullable&gt;True&lt;/field_is_nullable&gt;&lt;field_is_required&gt;False&lt;/field_is_required&gt;&lt;/AddField&gt;&lt;/workflow&gt;&lt;/operationSequence&gt;</Process><Process ToolSource="c:\program files\arcgis\pro\Resources\ArcToolbox\toolboxes\Data Management Tools.tbx\CalculateField" Date="20200505" Time="122854">CalculateField CA_offshore Location 'CA offshore' PYTHON3 # Text</Process><Process ToolSource="c:\program files\arcgis\pro\Resources\ArcToolbox\toolboxes\Data Management Tools.tbx\UpdateSchema" Date="20200505" Time="123127">UpdateSchema "CIMDATA=&lt;CIMFeatureDatasetDataConnection xsi:type='typens:CIMFeatureDatasetDataConnection' xmlns:xsi='http://www.w3.org/2001/XMLSchema-instance' xmlns:xs='http://www.w3.org/2001/XMLSchema' xmlns:typens='http://www.esri.com/schemas/ArcGIS/2.5.0'&gt;&lt;FeatureDataset&gt;States&lt;/FeatureDataset&gt;&lt;WorkspaceConnectionString&gt;DATABASE=C:\Users\rschmitt\Documents\ArcGIS\Projects\Faults\Qfaults\Databases\Edits\Qfault_edits.gdb&lt;/WorkspaceConnectionString&gt;&lt;WorkspaceFactory&gt;FileGDB&lt;/WorkspaceFactory&gt;&lt;Dataset&gt;CA_offshore&lt;/Dataset&gt;&lt;DatasetType&gt;esriDTFeatureClass&lt;/DatasetType&gt;&lt;/CIMFeatureDatasetDataConnection&gt;" "&lt;operationSequence&gt;&lt;workflow&gt;&lt;AddField&gt;&lt;field_name&gt;Section_ID&lt;/field_name&gt;&lt;field_type&gt;TEXT&lt;/field_type&gt;&lt;field_length&gt;10&lt;/field_length&gt;&lt;field_alias&gt;Section ID&lt;/field_alias&gt;&lt;field_is_nullable&gt;True&lt;/field_is_nullable&gt;&lt;field_is_required&gt;False&lt;/field_is_required&gt;&lt;/AddField&gt;&lt;/workflow&gt;&lt;/operationSequence&gt;"</Process><Process ToolSource="c:\program files\arcgis\pro\Resources\ArcToolbox\toolboxes\Conversion Tools.tbx\FeatureClassToFeatureClass" Date="20200505" Time="132735">FeatureClassToFeatureClass CA_offshore C:\Users\rschmitt\Documents\ArcGIS\Projects\Faults\Qfaults\Databases\Edits\Qfault_edits.gdb ca_offshore_no_ref # "FAULT_NAME "FAULT_NAME" true true false 100 Text 0 0,First,#,CA_offshore,FAULT_NAME,0,100;FAULT_ZONE "FAULT_ZONE" true true false 100 Text 0 0,First,#,CA_offshore,FAULT_ZONE,0,100;SECTION_NA "SECTION_NA" true true false 100 Text 0 0,First,#,CA_offshore,SECTION_NA,0,100;OTHER_NAME "OTHER_NAME" true true false 100 Text 0 0,First,#,CA_offshore,OTHER_NAME,0,100;FAULT_ID "FAULT_ID" true true false 25 Text 0 0,First,#,CA_offshore,FAULT_ID,0,25;FLT_AGE "FLT_AGE" true true false 100 Text 0 0,First,#,CA_offshore,FLT_AGE,0,100;SLIP_RATE "SLIP_RATE" true true false 20 Text 0 0,First,#,CA_offshore,SLIP_RATE,0,20;SLIP_SENSE "SLIP_SENSE" true true false 20 Text 0 0,First,#,CA_offshore,SLIP_SENSE,0,20;SHAPE_LENG "SHAPE_LENG" true true false 4 Float 0 0,First,#,CA_offshore,SHAPE_LENG,-1,-1;MAPPED_SCA "MAPPED_SCA" true true false 50 Text 0 0,First,#,CA_offshore,MAPPED_SCA,0,50;LINE_TYPE "LINE_TYPE" true true false 50 Text 0 0,First,#,CA_offshore,LINE_TYPE,0,50;EXPRESSION "EXPRESSION" true true false 250 Text 0 0,First,#,CA_offshore,EXPRESSION,0,250;FLT_SOURCE "FLT_SOURCE" true true false 250 Text 0 0,First,#,CA_offshore,FLT_SOURCE,0,250;Shape_Length "Shape_Length" false true true 8 Double 0 0,First,#,CA_offshore,Shape_Length,-1,-1;Location "Location" true true false 255 Text 0 0,First,#,CA_offshore,Location,0,255;Section_ID "Section ID" true true false 10 Text 0 0,First,#,CA_offshore,Section_ID,0,10" #</Process><Process ToolSource="c:\program files\arcgis\pro\Resources\ArcToolbox\toolboxes\Analysis Tools.tbx\SpatialJoin" Date="20200505" Time="133152">SpatialJoin ca_offshore_no_ref CA_offshore C:\Users\rschmitt\Documents\ArcGIS\Projects\Faults\Qfaults\Databases\Edits\Qfault_edits.gdb\ca_offshore_with_ref "Join one to one" KEEP_ALL "FAULT_NAME "FAULT_NAME" true true false 100 Text 0 0,First,#,ca_offshore_no_ref,FAULT_NAME,0,100;FAULT_ZONE "FAULT_ZONE" true true false 100 Text 0 0,First,#,ca_offshore_no_ref,FAULT_ZONE,0,100;SECTION_NA "SECTION_NA" true true false 100 Text 0 0,First,#,ca_offshore_no_ref,SECTION_NA,0,100;OTHER_NAME "OTHER_NAME" true true false 100 Text 0 0,First,#,ca_offshore_no_ref,OTHER_NAME,0,100;FAULT_ID "FAULT_ID" true true false 25 Text 0 0,First,#,ca_offshore_no_ref,FAULT_ID,0,25;FLT_AGE "FLT_AGE" true true false 100 Text 0 0,First,#,ca_offshore_no_ref,FLT_AGE,0,100;SLIP_RATE "SLIP_RATE" true true false 20 Text 0 0,First,#,ca_offshore_no_ref,SLIP_RATE,0,20;SLIP_SENSE "SLIP_SENSE" true true false 20 Text 0 0,First,#,ca_offshore_no_ref,SLIP_SENSE,0,20;SHAPE_LENG "SHAPE_LENG" true true false 4 Float 0 0,First,#,ca_offshore_no_ref,SHAPE_LENG,-1,-1;MAPPED_SCA "MAPPED_SCA" true true false 50 Text 0 0,First,#,ca_offshore_no_ref,MAPPED_SCA,0,50;LINE_TYPE "LINE_TYPE" true true false 50 Text 0 0,First,#,ca_offshore_no_ref,LINE_TYPE,0,50;EXPRESSION "EXPRESSION" true true false 250 Text 0 0,First,#,ca_offshore_no_ref,EXPRESSION,0,250;FLT_SOURCE "FLT_SOURCE" true true false 250 Text 0 0,First,#,CA_offshore,FLT_SOURCE,0,250;Location "Location" true true false 255 Text 0 0,First,#,ca_offshore_no_ref,Location,0,255;Section_ID "Section ID" true true false 10 Text 0 0,First,#,ca_offshore_no_ref,Section_ID,0,10;Shape_Length "Shape_Length" false true true 8 Double 0 0,First,#,ca_offshore_no_ref,Shape_Length,-1,-1" "Are identical to" # #</Process><Process ToolSource="c:\program files\arcgis\pro\Resources\ArcToolbox\toolboxes\Data Management Tools.tbx\DeleteField" Date="20200505" Time="133512">DeleteField ca_offshore_with_ref Join_Count</Process><Process ToolSource="c:\program files\arcgis\pro\Resources\ArcToolbox\toolboxes\Data Management Tools.tbx\DeleteField" Date="20200505" Time="133523">DeleteField ca_offshore_with_ref TARGET_FID</Process><Process ToolSource="c:\program files\arcgis\pro\Resources\ArcToolbox\toolboxes\Data Management Tools.tbx\CalculateField" Date="20200505" Time="153149">CalculateField ca_offshore_with_ref Section_ID 'b' PYTHON3 # Text</Process><Process ToolSource="c:\program files\arcgis\pro\Resources\ArcToolbox\toolboxes\Data Management Tools.tbx\Project" Date="20200902" Time="093803">Project C:\Users\rschmitt\Documents\ArcGIS\Projects\Faults\Qfaults\Databases\Edits\Qfault_edits.gdb\ca_offshore_with_ref C:\Users\rschmitt\Documents\ArcGIS\Projects\Faults\Qfaults\Databases\Final\ver_2\QFaults_2020.gdb\CA_offshore_faults GEOGCS['GCS_WGS_1984',DATUM['D_WGS_1984',SPHEROID['WGS_1984',6378137.0,298.257223563]],PRIMEM['Greenwich',0.0],UNIT['Degree',0.0174532925199433]] # GEOGCS['GCS_WGS_1984',DATUM['D_WGS_1984',SPHEROID['WGS_1984',6378137.0,298.257223563]],PRIMEM['Greenwich',0.0],UNIT['Degree',0.0174532925199433]] NO_PRESERVE_SHAPE # NO_VERTICAL</Process><Process ToolSource="c:\program files\arcgis\pro\Resources\ArcToolbox\toolboxes\Data Management Tools.tbx\Project" Date="20200902" Time="104248">Project "Individual States\California\California Offshore" \\localhost\GIS\haz\faults\qfaults\2020\QFaults_2020.gdb\California_Offshore PROJCS['WGS_1984_Web_Mercator_Auxiliary_Sphere',GEOGCS['GCS_WGS_1984',DATUM['D_WGS_1984',SPHEROID['WGS_1984',6378137.0,298.257223563]],PRIMEM['Greenwich',0.0],UNIT['Degree',0.0174532925199433]],PROJECTION['Mercator_Auxiliary_Sphere'],PARAMETER['False_Easting',0.0],PARAMETER['False_Northing',0.0],PARAMETER['Central_Meridian',0.0],PARAMETER['Standard_Parallel_1',0.0],PARAMETER['Auxiliary_Sphere_Type',0.0],UNIT['Meter',1.0]] # GEOGCS['GCS_WGS_1984',DATUM['D_WGS_1984',SPHEROID['WGS_1984',6378137.0,298.257223563]],PRIMEM['Greenwich',0.0],UNIT['Degree',0.0174532925199433]] NO_PRESERVE_SHAPE # NO_VERTICAL</Process><Process ToolSource="c:\program files\arcgis\pro\Resources\ArcToolbox\toolboxes\Conversion Tools.tbx\FeatureClassToFeatureClass" Date="20201019" Time="130832">FeatureClassToFeatureClass C:\Users\rschmitt\Documents\ArcGIS\Projects\Faults\Qfaults\Databases\Final\ver_2\QFaults_2020.gdb\California_Offshore C:\Users\rschmitt\Documents\ArcGIS\Projects\Faults\Qfaults\Databases\Final\ver_2\Qfaults_GIS\SHP ca_offshore.shp # "FAULT_NAME "FAULT_NAME" true true false 100 Text 0 0,First,#,C:\Users\rschmitt\Documents\ArcGIS\Projects\Faults\Qfaults\Databases\Final\ver_2\QFaults_2020.gdb\California_Offshore,FAULT_NAME,0,100;FAULT_ZONE "FAULT_ZONE" true true false 100 Text 0 0,First,#,C:\Users\rschmitt\Documents\ArcGIS\Projects\Faults\Qfaults\Databases\Final\ver_2\QFaults_2020.gdb\California_Offshore,FAULT_ZONE,0,100;SECTION_NA "SECTION_NA" true true false 100 Text 0 0,First,#,C:\Users\rschmitt\Documents\ArcGIS\Projects\Faults\Qfaults\Databases\Final\ver_2\QFaults_2020.gdb\California_Offshore,SECTION_NA,0,100;OTHER_NAME "OTHER_NAME" true true false 100 Text 0 0,First,#,C:\Users\rschmitt\Documents\ArcGIS\Projects\Faults\Qfaults\Databases\Final\ver_2\QFaults_2020.gdb\California_Offshore,OTHER_NAME,0,100;FAULT_ID "FAULT_ID" true true false 25 Text 0 0,First,#,C:\Users\rschmitt\Documents\ArcGIS\Projects\Faults\Qfaults\Databases\Final\ver_2\QFaults_2020.gdb\California_Offshore,FAULT_ID,0,25;FLT_AGE "FLT_AGE" true true false 100 Text 0 0,First,#,C:\Users\rschmitt\Documents\ArcGIS\Projects\Faults\Qfaults\Databases\Final\ver_2\QFaults_2020.gdb\California_Offshore,FLT_AGE,0,100;SLIP_RATE "SLIP_RATE" true true false 20 Text 0 0,First,#,C:\Users\rschmitt\Documents\ArcGIS\Projects\Faults\Qfaults\Databases\Final\ver_2\QFaults_2020.gdb\California_Offshore,SLIP_RATE,0,20;SLIP_SENSE "SLIP_SENSE" true true false 20 Text 0 0,First,#,C:\Users\rschmitt\Documents\ArcGIS\Projects\Faults\Qfaults\Databases\Final\ver_2\QFaults_2020.gdb\California_Offshore,SLIP_SENSE,0,20;SHAPE_LENG "SHAPE_LENG" true true false 4 Float 0 0,First,#,C:\Users\rschmitt\Documents\ArcGIS\Projects\Faults\Qfaults\Databases\Final\ver_2\QFaults_2020.gdb\California_Offshore,SHAPE_LENG,-1,-1;MAPPED_SCA "MAPPED_SCA" true true false 50 Text 0 0,First,#,C:\Users\rschmitt\Documents\ArcGIS\Projects\Faults\Qfaults\Databases\Final\ver_2\QFaults_2020.gdb\California_Offshore,MAPPED_SCA,0,50;LINE_TYPE "LINE_TYPE" true true false 50 Text 0 0,First,#,C:\Users\rschmitt\Documents\ArcGIS\Projects\Faults\Qfaults\Databases\Final\ver_2\QFaults_2020.gdb\California_Offshore,LINE_TYPE,0,50;EXPRESSION "EXPRESSION" true true false 250 Text 0 0,First,#,C:\Users\rschmitt\Documents\ArcGIS\Projects\Faults\Qfaults\Databases\Final\ver_2\QFaults_2020.gdb\California_Offshore,EXPRESSION,0,250;FLT_SOURCE "FLT_SOURCE" true true false 250 Text 0 0,First,#,C:\Users\rschmitt\Documents\ArcGIS\Projects\Faults\Qfaults\Databases\Final\ver_2\QFaults_2020.gdb\California_Offshore,FLT_SOURCE,0,250;Location "Location" true true false 255 Text 0 0,First,#,C:\Users\rschmitt\Documents\ArcGIS\Projects\Faults\Qfaults\Databases\Final\ver_2\QFaults_2020.gdb\California_Offshore,Location,0,255;Section_ID "Section ID" true true false 10 Text 0 0,First,#,C:\Users\rschmitt\Documents\ArcGIS\Projects\Faults\Qfaults\Databases\Final\ver_2\QFaults_2020.gdb\California_Offshore,Section_ID,0,10" #</Process></lineage></DataProperties><SyncDate>20201019</SyncDate><SyncTime>13083100</SyncTime><ModDate>20201019</ModDate><ModTime>13083100</ModTime></Esri><dataIdInfo><envirDesc Sync="TRUE">Microsoft Windows 10 Version 10.0 (Build 17763) ; Esri ArcGIS 12.6.0.24783</envirDesc><dataLang><languageCode value="eng" Sync="TRUE"></languageCode><countryCode value="USA" Sync="TRUE"></countryCode></dataLang><idCitation><resTitle Sync="TRUE">ca_offshore</resTitle><presForm><PresFormCd value="005" Sync="TRUE"></PresFormCd></presForm></idCitation><spatRpType><SpatRepTypCd value="001" Sync="TRUE"></SpatRepTypCd></spatRpType></dataIdInfo><mdLang><languageCode value="eng" Sync="TRUE"></languageCode><countryCode value="USA" Sync="TRUE"></countryCode></mdLang><distInfo><distFormat><formatName Sync="TRUE">Shapefile</formatName></distFormat><distTranOps><transSize Sync="TRUE">0.000</transSize></distTranOps></distInfo><mdHrLv><ScopeCd value="005" Sync="TRUE"></ScopeCd></mdHrLv><mdHrLvName Sync="TRUE">dataset</mdHrLvName><refSysInfo><RefSystem><refSysID><identCode code="4326" Sync="TRUE"></identCode><idCodeSpace Sync="TRUE">EPSG</idCodeSpace><idVersion Sync="TRUE">6.14(3.0.1)</idVersion></refSysID></RefSystem></refSysInfo><spatRepInfo><VectSpatRep><geometObjs Name="ca_offshore"><geoObjTyp><GeoObjTypCd value="002" Sync="TRUE"></GeoObjTypCd></geoObjTyp><geoObjCnt Sync="TRUE">0</geoObjCnt></geometObjs><topLvl><TopoLevCd value="001" Sync="TRUE"></TopoLevCd></topLvl></VectSpatRep></spatRepInfo><spdoinfo><ptvctinf><esriterm Name="ca_offshore"><efeatyp Sync="TRUE">Simple</efeatyp><efeageom code="3" Sync="TRUE"></efeageom><esritopo Sync="TRUE">FALSE</esritopo><efeacnt Sync="TRUE">0</efeacnt><spindex Sync="TRUE">FALSE</spindex><linrefer Sync="TRUE">FALSE</linrefer></esriterm></ptvctinf></spdoinfo><eainfo><detailed Name="ca_offshore"><enttyp><enttypl Sync="TRUE">ca_offshore</enttypl><enttypt Sync="TRUE">Feature Class</enttypt><enttypc Sync="TRUE">0</enttypc></enttyp><attr><attrlabl Sync="TRUE">FID</attrlabl><attalias Sync="TRUE">FID</attalias><attrtype Sync="TRUE">OID</attrtype><attwidth Sync="TRUE">4</attwidth><atprecis Sync="TRUE">0</atprecis><attscale Sync="TRUE">0</attscale><attrdef Sync="TRUE">Internal feature number.</attrdef><attrdefs Sync="TRUE">Esri</attrdefs><attrdomv><udom Sync="TRUE">Sequential unique whole numbers that are automatically generated.</udom></attrdomv></attr><attr><attrlabl Sync="TRUE">Shape</attrlabl><attalias Sync="TRUE">Shape</attalias><attrtype Sync="TRUE">Geometry</attrtype><attwidth Sync="TRUE">0</attwidth><atprecis Sync="TRUE">0</atprecis><attscale Sync="TRUE">0</attscale><attrdef Sync="TRUE">Feature geometry.</attrdef><attrdefs Sync="TRUE">Esri</attrdefs><attrdomv><udom Sync="TRUE">Coordinates defining the features.</udom></attrdomv></attr><attr><attrlabl Sync="TRUE">FAULT_NAME</attrlabl><attalias Sync="TRUE">FAULT_NAME</attalias><attrtype Sync="TRUE">String</attrtype><attwidth Sync="TRUE">100</attwidth><atprecis Sync="TRUE">0</atprecis><attscale Sync="TRUE">0</attscale></attr><attr><attrlabl Sync="TRUE">FAULT_ZONE</attrlabl><attalias Sync="TRUE">FAULT_ZONE</attalias><attrtype Sync="TRUE">String</attrtype><attwidth Sync="TRUE">100</attwidth><atprecis Sync="TRUE">0</atprecis><attscale Sync="TRUE">0</attscale></attr><attr><attrlabl Sync="TRUE">SECTION_NA</attrlabl><attalias Sync="TRUE">SECTION_NA</attalias><attrtype Sync="TRUE">String</attrtype><attwidth Sync="TRUE">100</attwidth><atprecis Sync="TRUE">0</atprecis><attscale Sync="TRUE">0</attscale></attr><attr><attrlabl Sync="TRUE">OTHER_NAME</attrlabl><attalias Sync="TRUE">OTHER_NAME</attalias><attrtype Sync="TRUE">String</attrtype><attwidth Sync="TRUE">100</attwidth><atprecis Sync="TRUE">0</atprecis><attscale Sync="TRUE">0</attscale></attr><attr><attrlabl Sync="TRUE">FAULT_ID</attrlabl><attalias Sync="TRUE">FAULT_ID</attalias><attrtype Sync="TRUE">String</attrtype><attwidth Sync="TRUE">25</attwidth><atprecis Sync="TRUE">0</atprecis><attscale Sync="TRUE">0</attscale></attr><attr><attrlabl Sync="TRUE">FLT_AGE</attrlabl><attalias Sync="TRUE">FLT_AGE</attalias><attrtype Sync="TRUE">String</attrtype><attwidth Sync="TRUE">100</attwidth><atprecis Sync="TRUE">0</atprecis><attscale Sync="TRUE">0</attscale></attr><attr><attrlabl Sync="TRUE">SLIP_RATE</attrlabl><attalias Sync="TRUE">SLIP_RATE</attalias><attrtype Sync="TRUE">String</attrtype><attwidth Sync="TRUE">20</attwidth><atprecis Sync="TRUE">0</atprecis><attscale Sync="TRUE">0</attscale></attr><attr><attrlabl Sync="TRUE">SLIP_SENSE</attrlabl><attalias Sync="TRUE">SLIP_SENSE</attalias><attrtype Sync="TRUE">String</attrtype><attwidth Sync="TRUE">20</attwidth><atprecis Sync="TRUE">0</atprecis><attscale Sync="TRUE">0</attscale></attr><attr><attrlabl Sync="TRUE">SHAPE_LENG</attrlabl><attalias Sync="TRUE">SHAPE_LENG</attalias><attrtype Sync="TRUE">Single</attrtype><attwidth Sync="TRUE">13</attwidth><atprecis Sync="TRUE">0</atprecis><attscale Sync="TRUE">0</attscale></attr><attr><attrlabl Sync="TRUE">MAPPED_SCA</attrlabl><attalias Sync="TRUE">MAPPED_SCA</attalias><attrtype Sync="TRUE">String</attrtype><attwidth Sync="TRUE">50</attwidth><atprecis Sync="TRUE">0</atprecis><attscale Sync="TRUE">0</attscale></attr><attr><attrlabl Sync="TRUE">LINE_TYPE</attrlabl><attalias Sync="TRUE">LINE_TYPE</attalias><attrtype Sync="TRUE">String</attrtype><attwidth Sync="TRUE">50</attwidth><atprecis Sync="TRUE">0</atprecis><attscale Sync="TRUE">0</attscale></attr><attr><attrlabl Sync="TRUE">EXPRESSION</attrlabl><attalias Sync="TRUE">EXPRESSION</attalias><attrtype Sync="TRUE">String</attrtype><attwidth Sync="TRUE">250</attwidth><atprecis Sync="TRUE">0</atprecis><attscale Sync="TRUE">0</attscale></attr><attr><attrlabl Sync="TRUE">FLT_SOURCE</attrlabl><attalias Sync="TRUE">FLT_SOURCE</attalias><attrtype Sync="TRUE">String</attrtype><attwidth Sync="TRUE">250</attwidth><atprecis Sync="TRUE">0</atprecis><attscale Sync="TRUE">0</attscale></attr><attr><attrlabl Sync="TRUE">Location</attrlabl><attalias Sync="TRUE">Location</attalias><attrtype Sync="TRUE">String</attrtype><attwidth Sync="TRUE">254</attwidth><atprecis Sync="TRUE">0</atprecis><attscale Sync="TRUE">0</attscale></attr><attr><attrlabl Sync="TRUE">Section_ID</attrlabl><attalias Sync="TRUE">Section_ID</attalias><attrtype Sync="TRUE">String</attrtype><attwidth Sync="TRUE">10</attwidth><atprecis Sync="TRUE">0</atprecis><attscale Sync="TRUE">0</attscale></attr></detailed></eainfo><mdDateSt Sync="TRUE">20201019</mdDateSt></metadata>
