<metadata xml:lang="en"><Esri><CreaDate>20201019</CreaDate><CreaTime>12292800</CreaTime><ArcGISFormat>1.0</ArcGISFormat><ArcGISstyle>FGDC CSDGM Metadata</ArcGISstyle><SyncOnce>FALSE</SyncOnce><DataProperties><lineage><Process ToolSource="c:\program files (x86)\arcgis\desktop10.5\ArcToolbox\Toolboxes\Conversion Tools.tbx\FeatureClassToFeatureClass" Date="20171023" Time="150350">FeatureClassToFeatureClass "Database Connections\nshm_faults.sde\neic.nshm_qfaults.qfaultareas_gis" C:\Users\rschmitt\Documents\ArcGIS\Schmitt_Local\Qfaults\from_pg_to_server.gdb areas # "fault_id "fault_id" true true false 4 Long 0 10 ,First,#,Database Connections\nshm_faults.sde\neic.nshm_qfaults.qfaultareas_gis,fault_id,-1,-1;section_id "section_id" true true false 1 Text 0 0 ,First,#,Database Connections\nshm_faults.sde\neic.nshm_qfaults.qfaultareas_gis,section_id,-1,-1;faultname "faultname" true true false 500 Text 0 0 ,First,#,Database Connections\nshm_faults.sde\neic.nshm_qfaults.qfaultareas_gis,faultname,-1,-1;age "age" true true false 50 Text 0 0 ,First,#,Database Connections\nshm_faults.sde\neic.nshm_qfaults.qfaultareas_gis,age,-1,-1;slipsense "slipsense" true true false 25 Text 0 0 ,First,#,Database Connections\nshm_faults.sde\neic.nshm_qfaults.qfaultareas_gis,slipsense,-1,-1;cooperator "cooperator" true true false 100 Text 0 0 ,First,#,Database Connections\nshm_faults.sde\neic.nshm_qfaults.qfaultareas_gis,cooperator,-1,-1;url "url" true true false 200 Text 0 0 ,First,#,Database Connections\nshm_faults.sde\neic.nshm_qfaults.qfaultareas_gis,url,-1,-1" #</Process><Process ToolSource="c:\program files (x86)\arcgis\desktop10.5\ArcToolbox\Toolboxes\Conversion Tools.tbx\FeatureClassToFeatureClass" Date="20171024" Time="152912">FeatureClassToFeatureClass \\localhost\faults\qfaults\qfaults_beta.gdb\areas \\localhost\faults\qfaults\qfaults_beta.gdb qfaults_areas # "fault_id "fault_id" true true false 4 Long 0 0 ,First,#,\\localhost\faults\qfaults\qfaults_beta.gdb\areas,fault_id,-1,-1;section_id "section_id" true true false 1 Text 0 0 ,First,#,\\localhost\faults\qfaults\qfaults_beta.gdb\areas,section_id,-1,-1;faultname "faultname" true true false 500 Text 0 0 ,First,#,\\localhost\faults\qfaults\qfaults_beta.gdb\areas,faultname,-1,-1;age "age" true true false 50 Text 0 0 ,First,#,\\localhost\faults\qfaults\qfaults_beta.gdb\areas,age,-1,-1;slipsense "slipsense" true true false 25 Text 0 0 ,First,#,\\localhost\faults\qfaults\qfaults_beta.gdb\areas,slipsense,-1,-1;cooperator "cooperator" true true false 100 Text 0 0 ,First,#,\\localhost\faults\qfaults\qfaults_beta.gdb\areas,cooperator,-1,-1;url "url" true true false 200 Text 0 0 ,First,#,\\localhost\faults\qfaults\qfaults_beta.gdb\areas,url,-1,-1;Shape_Length "Shape_Length" false true true 8 Double 0 0 ,First,#,\\localhost\faults\qfaults\qfaults_beta.gdb\areas,Shape_Length,-1,-1;Shape_Area "Shape_Area" false true true 8 Double 0 0 ,First,#,\\localhost\faults\qfaults\qfaults_beta.gdb\areas,Shape_Area,-1,-1" #</Process><Process ToolSource="c:\program files (x86)\arcgis\desktop10.5\ArcToolbox\Toolboxes\Conversion Tools.tbx\FeatureClassToFeatureClass" Date="20171024" Time="153033">FeatureClassToFeatureClass \\localhost\faults\qfaults\qfaults_beta.gdb\qfaults_areas \\localhost\faults\qfaults\qfaults_beta.gdb areas # "fault_id "fault_id" true true false 4 Long 0 0 ,First,#,\\localhost\faults\qfaults\qfaults_beta.gdb\qfaults_areas,fault_id,-1,-1;section_id "section_id" true true false 1 Text 0 0 ,First,#,\\localhost\faults\qfaults\qfaults_beta.gdb\qfaults_areas,section_id,-1,-1;faultname "faultname" true true false 500 Text 0 0 ,First,#,\\localhost\faults\qfaults\qfaults_beta.gdb\qfaults_areas,faultname,-1,-1;age "age" true true false 50 Text 0 0 ,First,#,\\localhost\faults\qfaults\qfaults_beta.gdb\qfaults_areas,age,-1,-1;slipsense "slipsense" true true false 25 Text 0 0 ,First,#,\\localhost\faults\qfaults\qfaults_beta.gdb\qfaults_areas,slipsense,-1,-1;cooperator "cooperator" true true false 100 Text 0 0 ,First,#,\\localhost\faults\qfaults\qfaults_beta.gdb\qfaults_areas,cooperator,-1,-1;url "url" true true false 200 Text 0 0 ,First,#,\\localhost\faults\qfaults\qfaults_beta.gdb\qfaults_areas,url,-1,-1;Shape_Length "Shape_Length" false true true 8 Double 0 0 ,First,#,\\localhost\faults\qfaults\qfaults_beta.gdb\qfaults_areas,Shape_Length,-1,-1;Shape_Area "Shape_Area" false true true 8 Double 0 0 ,First,#,\\localhost\faults\qfaults\qfaults_beta.gdb\qfaults_areas,Shape_Area,-1,-1" #</Process><Process ToolSource="c:\program files (x86)\arcgis\desktop10.5\ArcToolbox\Toolboxes\Conversion Tools.tbx\FeatureClassToFeatureClass" Date="20181019" Time="085444">FeatureClassToFeatureClass E:\GIS\haz\faults\qfaults\qfaults_beta.gdb\areas \\localhost\faults\qfaults\AGOL_hosted.gdb fault_areas # "fault_id "fault_id" true true false 4 Long 0 0 ,First,#,E:\GIS\haz\faults\qfaults\qfaults_beta.gdb\areas,fault_id,-1,-1;section_id "section_id" true true false 1 Text 0 0 ,First,#,E:\GIS\haz\faults\qfaults\qfaults_beta.gdb\areas,section_id,-1,-1;faultname "faultname" true true false 500 Text 0 0 ,First,#,E:\GIS\haz\faults\qfaults\qfaults_beta.gdb\areas,faultname,-1,-1;age "age" true true false 50 Text 0 0 ,First,#,E:\GIS\haz\faults\qfaults\qfaults_beta.gdb\areas,age,-1,-1;slipsense "slipsense" true true false 25 Text 0 0 ,First,#,E:\GIS\haz\faults\qfaults\qfaults_beta.gdb\areas,slipsense,-1,-1;cooperator "cooperator" true true false 100 Text 0 0 ,First,#,E:\GIS\haz\faults\qfaults\qfaults_beta.gdb\areas,cooperator,-1,-1;url "url" true true false 200 Text 0 0 ,First,#,E:\GIS\haz\faults\qfaults\qfaults_beta.gdb\areas,url,-1,-1;Shape_Length "Shape_Length" false true true 8 Double 0 0 ,First,#,E:\GIS\haz\faults\qfaults\qfaults_beta.gdb\areas,Shape_Length,-1,-1;Shape_Area "Shape_Area" false true true 8 Double 0 0 ,First,#,E:\GIS\haz\faults\qfaults\qfaults_beta.gdb\areas,Shape_Area,-1,-1" #</Process><Process ToolSource="c:\program files (x86)\arcgis\desktop10.5\ArcToolbox\Toolboxes\Data Management Tools.tbx\CalculateField" Date="20181019" Time="091139">CalculateField fault_areas citation_id [fault_id] VB #</Process><Process ToolSource="c:\program files (x86)\arcgis\desktop10.5\ArcToolbox\Toolboxes\Data Management Tools.tbx\CalculateField" Date="20181019" Time="091409">CalculateField fault_areas citation_id "[fault_id] &amp;[section_id]" VB #</Process><Process ToolSource="c:\program files\arcgis\pro\Resources\ArcToolbox\toolboxes\Data Management Tools.tbx\UpdateSchema" Date="20190131" Time="084940">UpdateSchema "CIMDATA=&lt;CIMStandardDataConnection xsi:type='typens:CIMStandardDataConnection' xmlns:xsi='http://www.w3.org/2001/XMLSchema-instance' xmlns:xs='http://www.w3.org/2001/XMLSchema' xmlns:typens='http://www.esri.com/schemas/ArcGIS/2.3.0'&gt;&lt;WorkspaceConnectionString&gt;DATABASE=C:\Users\rschmitt\Documents\ArcGIS\Projects\QFaults_Pro\QFaults_Pro.gdb&lt;/WorkspaceConnectionString&gt;&lt;WorkspaceFactory&gt;FileGDB&lt;/WorkspaceFactory&gt;&lt;Dataset&gt;fault_areas&lt;/Dataset&gt;&lt;DatasetType&gt;esriDTFeatureClass&lt;/DatasetType&gt;&lt;/CIMStandardDataConnection&gt;" &lt;operationSequence&gt;&lt;workflow&gt;&lt;AlterField&gt;&lt;field_name&gt;faultname&lt;/field_name&gt;&lt;new_field_name&gt;fault_area_name&lt;/new_field_name&gt;&lt;field_type&gt;TEXT&lt;/field_type&gt;&lt;field_is_nullable&gt;True&lt;/field_is_nullable&gt;&lt;clear_field_alias&gt;False&lt;/clear_field_alias&gt;&lt;/AlterField&gt;&lt;/workflow&gt;&lt;workflow&gt;&lt;AlterField&gt;&lt;field_name&gt;citation_id&lt;/field_name&gt;&lt;new_field_name&gt;ref_id&lt;/new_field_name&gt;&lt;field_type&gt;TEXT&lt;/field_type&gt;&lt;field_is_nullable&gt;True&lt;/field_is_nullable&gt;&lt;clear_field_alias&gt;False&lt;/clear_field_alias&gt;&lt;/AlterField&gt;&lt;/workflow&gt;&lt;/operationSequence&gt;</Process><Process ToolSource="c:\program files\arcgis\pro\Resources\ArcToolbox\toolboxes\Data Management Tools.tbx\UpdateSchema" Date="20190131" Time="085118">UpdateSchema "CIMDATA=&lt;CIMStandardDataConnection xsi:type='typens:CIMStandardDataConnection' xmlns:xsi='http://www.w3.org/2001/XMLSchema-instance' xmlns:xs='http://www.w3.org/2001/XMLSchema' xmlns:typens='http://www.esri.com/schemas/ArcGIS/2.3.0'&gt;&lt;WorkspaceConnectionString&gt;DATABASE=C:\Users\rschmitt\Documents\ArcGIS\Projects\QFaults_Pro\QFaults_Pro.gdb&lt;/WorkspaceConnectionString&gt;&lt;WorkspaceFactory&gt;FileGDB&lt;/WorkspaceFactory&gt;&lt;Dataset&gt;fault_areas&lt;/Dataset&gt;&lt;DatasetType&gt;esriDTFeatureClass&lt;/DatasetType&gt;&lt;/CIMStandardDataConnection&gt;" "&lt;operationSequence&gt;&lt;workflow&gt;&lt;AlterField&gt;&lt;field_name&gt;fault_area_name&lt;/field_name&gt;&lt;field_alias&gt;fault area name&lt;/field_alias&gt;&lt;field_type&gt;TEXT&lt;/field_type&gt;&lt;field_is_nullable&gt;True&lt;/field_is_nullable&gt;&lt;clear_field_alias&gt;False&lt;/clear_field_alias&gt;&lt;/AlterField&gt;&lt;/workflow&gt;&lt;workflow&gt;&lt;AlterField&gt;&lt;field_name&gt;ref_id&lt;/field_name&gt;&lt;field_alias&gt;ref_id&lt;/field_alias&gt;&lt;field_type&gt;TEXT&lt;/field_type&gt;&lt;field_is_nullable&gt;True&lt;/field_is_nullable&gt;&lt;clear_field_alias&gt;False&lt;/clear_field_alias&gt;&lt;/AlterField&gt;&lt;/workflow&gt;&lt;/operationSequence&gt;"</Process><Process ToolSource="c:\program files\arcgis\pro\Resources\ArcToolbox\toolboxes\Data Management Tools.tbx\CopyFeatures" Date="20190131" Time="090243">CopyFeatures C:\Users\rschmitt\Documents\ArcGIS\Projects\QFaults_Pro\QFaults_Pro.gdb\fault_areas C:\Users\rschmitt\Documents\ArcGIS\Projects\QFaults_Pro\Downloads\QFaults_2018.gdb\fault_areas # # # #</Process><Process ToolSource="c:\program files\arcgis\pro\Resources\ArcToolbox\toolboxes\Data Management Tools.tbx\CopyMultiple" Date="20201019" Time="122928">CopyMultiple "C:\Users\rschmitt\Documents\ArcGIS\Projects\Faults\Qfaults\Databases\Final\ver_1\QFaults_2018.gdb\fault_areas FeatureClass" C:\Users\rschmitt\Documents\ArcGIS\Projects\Faults\Qfaults\2020\QFaults_2020.gdb fault_areas "fault_areas FeatureClass fault_areas #"</Process><Process ToolSource="c:\program files\arcgis\pro\Resources\ArcToolbox\toolboxes\Conversion Tools.tbx\FeatureClassToFeatureClass" Date="20201019" Time="130747">FeatureClassToFeatureClass C:\Users\rschmitt\Documents\ArcGIS\Projects\Faults\Qfaults\Databases\Final\ver_2\QFaults_2020.gdb\fault_areas C:\Users\rschmitt\Documents\ArcGIS\Projects\Faults\Qfaults\Databases\Final\ver_2\Qfaults_GIS\SHP fault_areas.shp # "fault_id "fault_id" true true false 4 Long 0 0,First,#,C:\Users\rschmitt\Documents\ArcGIS\Projects\Faults\Qfaults\Databases\Final\ver_2\QFaults_2020.gdb\fault_areas,fault_id,-1,-1;section_id "section_id" true true false 1 Text 0 0,First,#,C:\Users\rschmitt\Documents\ArcGIS\Projects\Faults\Qfaults\Databases\Final\ver_2\QFaults_2020.gdb\fault_areas,section_id,0,1;name "name" true true false 500 Text 0 0,First,#,C:\Users\rschmitt\Documents\ArcGIS\Projects\Faults\Qfaults\Databases\Final\ver_2\QFaults_2020.gdb\fault_areas,fault_area_name,0,500;age "age" true true false 50 Text 0 0,First,#,C:\Users\rschmitt\Documents\ArcGIS\Projects\Faults\Qfaults\Databases\Final\ver_2\QFaults_2020.gdb\fault_areas,age,0,50;slipsense "slipsense" true true false 25 Text 0 0,First,#,C:\Users\rschmitt\Documents\ArcGIS\Projects\Faults\Qfaults\Databases\Final\ver_2\QFaults_2020.gdb\fault_areas,slipsense,0,25;cooperator "cooperator" true true false 100 Text 0 0,First,#,C:\Users\rschmitt\Documents\ArcGIS\Projects\Faults\Qfaults\Databases\Final\ver_2\QFaults_2020.gdb\fault_areas,cooperator,0,100;url "url" true true false 200 Text 0 0,First,#,C:\Users\rschmitt\Documents\ArcGIS\Projects\Faults\Qfaults\Databases\Final\ver_2\QFaults_2020.gdb\fault_areas,url,0,200;ref_id "ref_id" true true false 10 Text 0 0,First,#,C:\Users\rschmitt\Documents\ArcGIS\Projects\Faults\Qfaults\Databases\Final\ver_2\QFaults_2020.gdb\fault_areas,ref_id,0,10;Shape_Leng "Shape_Length" false true true 8 Double 0 0,First,#,C:\Users\rschmitt\Documents\ArcGIS\Projects\Faults\Qfaults\Databases\Final\ver_2\QFaults_2020.gdb\fault_areas,Shape_Length,-1,-1;Shape_Area "Shape_Area" false true true 8 Double 0 0,First,#,C:\Users\rschmitt\Documents\ArcGIS\Projects\Faults\Qfaults\Databases\Final\ver_2\QFaults_2020.gdb\fault_areas,Shape_Area,-1,-1" #</Process></lineage><itemProps><itemLocation><linkage Sync="TRUE">file://\\IGSKCICGLTGW055\C$\Users\rschmitt\Documents\ArcGIS\Projects\Faults\Qfaults\Databases\Final\ver_2\Qfaults_GIS\SHP\fault_areas.shp</linkage><protocol Sync="TRUE">Local Area Network</protocol></itemLocation><itemName Sync="TRUE">fault_areas</itemName><imsContentType Sync="TRUE">002</imsContentType><itemSize Sync="TRUE">0.000</itemSize></itemProps><coordRef><type Sync="TRUE">Geographic</type><geogcsn Sync="TRUE">GCS_WGS_1984</geogcsn><csUnits Sync="TRUE">Angular Unit: Degree (0.017453)</csUnits><peXml Sync="TRUE">&lt;GeographicCoordinateSystem xsi:type='typens:GeographicCoordinateSystem' xmlns:xsi='http://www.w3.org/2001/XMLSchema-instance' xmlns:xs='http://www.w3.org/2001/XMLSchema' xmlns:typens='http://www.esri.com/schemas/ArcGIS/2.6.0'&gt;&lt;WKT&gt;GEOGCS[&amp;quot;GCS_WGS_1984&amp;quot;,DATUM[&amp;quot;D_WGS_1984&amp;quot;,SPHEROID[&amp;quot;WGS_1984&amp;quot;,6378137.0,298.257223563]],PRIMEM[&amp;quot;Greenwich&amp;quot;,0.0],UNIT[&amp;quot;Degree&amp;quot;,0.0174532925199433],AUTHORITY[&amp;quot;EPSG&amp;quot;,4326]]&lt;/WKT&gt;&lt;XOrigin&gt;-400&lt;/XOrigin&gt;&lt;YOrigin&gt;-400&lt;/YOrigin&gt;&lt;XYScale&gt;11258999068426.238&lt;/XYScale&gt;&lt;ZOrigin&gt;-100000&lt;/ZOrigin&gt;&lt;ZScale&gt;10000&lt;/ZScale&gt;&lt;MOrigin&gt;-100000&lt;/MOrigin&gt;&lt;MScale&gt;10000&lt;/MScale&gt;&lt;XYTolerance&gt;8.983152841195215e-09&lt;/XYTolerance&gt;&lt;ZTolerance&gt;0.001&lt;/ZTolerance&gt;&lt;MTolerance&gt;0.001&lt;/MTolerance&gt;&lt;HighPrecision&gt;true&lt;/HighPrecision&gt;&lt;LeftLongitude&gt;-180&lt;/LeftLongitude&gt;&lt;WKID&gt;4326&lt;/WKID&gt;&lt;LatestWKID&gt;4326&lt;/LatestWKID&gt;&lt;/GeographicCoordinateSystem&gt;</peXml></coordRef></DataProperties><SyncDate>20201019</SyncDate><SyncTime>13074700</SyncTime><ModDate>20201019</ModDate><ModTime>13074700</ModTime></Esri><dataIdInfo><envirDesc Sync="TRUE">Microsoft Windows 10 Version 10.0 (Build 17763) ; Esri ArcGIS 12.6.0.24783</envirDesc><dataLang><languageCode value="eng" Sync="TRUE"></languageCode><countryCode value="USA" Sync="TRUE"></countryCode></dataLang><idCitation><resTitle Sync="TRUE">fault_areas</resTitle><presForm><PresFormCd value="005" Sync="TRUE"></PresFormCd></presForm></idCitation><spatRpType><SpatRepTypCd value="001" Sync="TRUE"></SpatRepTypCd></spatRpType></dataIdInfo><mdLang><languageCode value="eng" Sync="TRUE"></languageCode><countryCode value="USA" Sync="TRUE"></countryCode></mdLang><distInfo><distFormat><formatName Sync="TRUE">Shapefile</formatName></distFormat><distTranOps><transSize Sync="TRUE">0.000</transSize></distTranOps></distInfo><mdHrLv><ScopeCd value="005" Sync="TRUE"></ScopeCd></mdHrLv><mdHrLvName Sync="TRUE">dataset</mdHrLvName><refSysInfo><RefSystem><refSysID><identCode code="4326" Sync="TRUE"></identCode><idCodeSpace Sync="TRUE">EPSG</idCodeSpace><idVersion Sync="TRUE">6.14(3.0.1)</idVersion></refSysID></RefSystem></refSysInfo><spatRepInfo><VectSpatRep><geometObjs Name="fault_areas"><geoObjTyp><GeoObjTypCd value="002" Sync="TRUE"></GeoObjTypCd></geoObjTyp><geoObjCnt Sync="TRUE">0</geoObjCnt></geometObjs><topLvl><TopoLevCd value="001" Sync="TRUE"></TopoLevCd></topLvl></VectSpatRep></spatRepInfo><spdoinfo><ptvctinf><esriterm Name="fault_areas"><efeatyp Sync="TRUE">Simple</efeatyp><efeageom code="4" Sync="TRUE"></efeageom><esritopo Sync="TRUE">FALSE</esritopo><efeacnt Sync="TRUE">0</efeacnt><spindex Sync="TRUE">FALSE</spindex><linrefer Sync="TRUE">FALSE</linrefer></esriterm></ptvctinf></spdoinfo><eainfo><detailed Name="fault_areas"><enttyp><enttypl Sync="TRUE">fault_areas</enttypl><enttypt Sync="TRUE">Feature Class</enttypt><enttypc Sync="TRUE">0</enttypc></enttyp><attr><attrlabl Sync="TRUE">FID</attrlabl><attalias Sync="TRUE">FID</attalias><attrtype Sync="TRUE">OID</attrtype><attwidth Sync="TRUE">4</attwidth><atprecis Sync="TRUE">0</atprecis><attscale Sync="TRUE">0</attscale><attrdef Sync="TRUE">Internal feature number.</attrdef><attrdefs Sync="TRUE">Esri</attrdefs><attrdomv><udom Sync="TRUE">Sequential unique whole numbers that are automatically generated.</udom></attrdomv></attr><attr><attrlabl Sync="TRUE">Shape</attrlabl><attalias Sync="TRUE">Shape</attalias><attrtype Sync="TRUE">Geometry</attrtype><attwidth Sync="TRUE">0</attwidth><atprecis Sync="TRUE">0</atprecis><attscale Sync="TRUE">0</attscale><attrdef Sync="TRUE">Feature geometry.</attrdef><attrdefs Sync="TRUE">Esri</attrdefs><attrdomv><udom Sync="TRUE">Coordinates defining the features.</udom></attrdomv></attr><attr><attrlabl Sync="TRUE">fault_id</attrlabl><attalias Sync="TRUE">fault_id</attalias><attrtype Sync="TRUE">Integer</attrtype><attwidth Sync="TRUE">10</attwidth><atprecis Sync="TRUE">10</atprecis><attscale Sync="TRUE">0</attscale></attr><attr><attrlabl Sync="TRUE">section_id</attrlabl><attalias Sync="TRUE">section_id</attalias><attrtype Sync="TRUE">String</attrtype><attwidth Sync="TRUE">1</attwidth><atprecis Sync="TRUE">0</atprecis><attscale Sync="TRUE">0</attscale></attr><attr><attrlabl Sync="TRUE">name</attrlabl><attalias Sync="TRUE">name</attalias><attrtype Sync="TRUE">String</attrtype><attwidth Sync="TRUE">254</attwidth><atprecis Sync="TRUE">0</atprecis><attscale Sync="TRUE">0</attscale></attr><attr><attrlabl Sync="TRUE">age</attrlabl><attalias Sync="TRUE">age</attalias><attrtype Sync="TRUE">String</attrtype><attwidth Sync="TRUE">50</attwidth><atprecis Sync="TRUE">0</atprecis><attscale Sync="TRUE">0</attscale></attr><attr><attrlabl Sync="TRUE">slipsense</attrlabl><attalias Sync="TRUE">slipsense</attalias><attrtype Sync="TRUE">String</attrtype><attwidth Sync="TRUE">25</attwidth><atprecis Sync="TRUE">0</atprecis><attscale Sync="TRUE">0</attscale></attr><attr><attrlabl Sync="TRUE">cooperator</attrlabl><attalias Sync="TRUE">cooperator</attalias><attrtype Sync="TRUE">String</attrtype><attwidth Sync="TRUE">100</attwidth><atprecis Sync="TRUE">0</atprecis><attscale Sync="TRUE">0</attscale></attr><attr><attrlabl Sync="TRUE">url</attrlabl><attalias Sync="TRUE">url</attalias><attrtype Sync="TRUE">String</attrtype><attwidth Sync="TRUE">200</attwidth><atprecis Sync="TRUE">0</atprecis><attscale Sync="TRUE">0</attscale></attr><attr><attrlabl Sync="TRUE">ref_id</attrlabl><attalias Sync="TRUE">ref_id</attalias><attrtype Sync="TRUE">String</attrtype><attwidth Sync="TRUE">10</attwidth><atprecis Sync="TRUE">0</atprecis><attscale Sync="TRUE">0</attscale></attr><attr><attrlabl Sync="TRUE">Shape_Leng</attrlabl><attalias Sync="TRUE">Shape_Leng</attalias><attrtype Sync="TRUE">Double</attrtype><attwidth Sync="TRUE">19</attwidth><atprecis Sync="TRUE">0</atprecis><attscale Sync="TRUE">0</attscale></attr><attr><attrlabl Sync="TRUE">Shape_Area</attrlabl><attalias Sync="TRUE">Shape_Area</attalias><attrtype Sync="TRUE">Double</attrtype><attwidth Sync="TRUE">19</attwidth><atprecis Sync="TRUE">0</atprecis><attscale Sync="TRUE">0</attscale><attrdef Sync="TRUE">Area of feature in internal units squared.</attrdef><attrdefs Sync="TRUE">Esri</attrdefs><attrdomv><udom Sync="TRUE">Positive real numbers that are automatically generated.</udom></attrdomv></attr></detailed></eainfo><mdDateSt Sync="TRUE">20201019</mdDateSt></metadata>
