<metadata><idinfo><citation><citeinfo><origin>Robert Schmitt, Ryan Gold</origin><pubdate>20190701</pubdate><title>Template for Q Faults	</title><geoform>Vector Digital Data Set (Polyline)</geoform><pubinfo><pubplace>Reston, VA</pubplace><publish>U.S. Geological Survey</publish></pubinfo><onlink>https://www.sciencebase.gov/catalog/item/589097b1e4b072a7ac0cae23</onlink></citeinfo></citation><descript><abstract>The Quaternary Fault and Fold Database contains the results of thousands of scientific assessments of faults and associated folds in the United States that demonstrate geologic evidence for coseismic surface deformation in the Quaternary (the past 1,600,000 years). The Quaternary Fault and Fold Database includes information on the age of the most recent coseismic surface deformation, relative rates of activity, fault geometry, sense of movement, and citations of pertinent literature. Much of the information in the database is based on paleoseismology, which is the geologic study of prehistoric earthquakes. Paleoseismology combines well-established geologic practices such as trenching with archeological-style analysis to determine the time and magnitude of ancient earthquakes. These studies extend the historical earthquake record by hundreds of thousands of years and are indispensible in calculating future seismic hazard posed by the thousands of faults in the United States. The data are accessed through search pages or an interactive map service. The work of the USGS and its cooperators in developing this database is only one part of the ongoing USGS efforts to protect lives and property from future earthquakes throughout the United States.</abstract><purpose>This database is used to create the fault-source characterization in the National Seismic Hazard Model. Simplified representations of the geometry and the behavior of the fault, based on geologic interpretation, are used to calculate the potential for future ground shaking.</purpose></descript><timeperd><timeinfo><sngdate><caldate>20190701</caldate></sngdate></timeinfo><current>publication date</current></timeperd><status><progress>Complete</progress><update>As needed</update></status><spdom><bounding><westbc>-173.6719</westbc><eastbc>-56.2500</eastbc><northbc>70.8447</northbc><southbc>23.2413</southbc></bounding></spdom><keywords><theme><themekt>USGS Thesaurus</themekt><themekey>USGS</themekey><themekey>Geologic Hazards Science Center</themekey><themekey>GHSC</themekey><themekey>Earthquake Hazards Program</themekey><themekey>earthquake hazard</themekey><themekey>seismology</themekey><themekey>seismic hazard</themekey><themekey>earth science</themekey><themekey>geophysics</themekey><themekey>Quaternary</themekey><themekey>Fault</themekey></theme><place><placekt>Common geographic areas</placekt><placekey>United States</placekey></place><temporal><tempkt>USGS Thesaurus</tempkt></temporal></keywords><accconst>none</accconst><useconst>none</useconst><ptcontac><cntinfo><cntperp><cntper>Robert Schmitt</cntper><cntorg>U.S. Geological Survey, Earthquake Hazards Program</cntorg></cntperp><cntaddr><addrtype>mailing and physical</addrtype><address>1711 Illinois Street</address><city>Golden</city><state>Colorado</state><postal>80401</postal><country>USA</country></cntaddr><cntvoice>303-273-8583</cntvoice><cntemail>rschmitt@usgs.gov</cntemail></cntinfo></ptcontac><datacred>Place Contributors here</datacred><native>Environment as of Metadata Creation: Microsoft [Unknown] Version 6.2 (Build 9200) ; Esri ArcGIS 10.7 (Build 10450) Service Pack N/A (Build N/A)</native></idinfo><dataqual><attracc><attraccr>No formal attribute accuracy tests were conducted</attraccr></attracc><logic>No formal logical accuracy tests were conducted</logic><complete>Data set is considered complete for the information presented, as described in the abstract. Users are advised to read the rest of the metadata record carefully for additional details.</complete><posacc><horizpa><horizpar>No formal positional accuracy tests were conducted</horizpar></horizpa><vertacc><vertaccr>No formal positional accuracy tests were conducted</vertaccr></vertacc></posacc><lineage><procstep><procdesc>Not applicable</procdesc><procdate>2016</procdate></procstep></lineage></dataqual><spdoinfo><direct>Vector</direct><ptvctinf><esriterm Name="Qfaults_US_Database"><efeatyp Sync="TRUE">Simple</efeatyp><efeageom code="3" Sync="TRUE"></efeageom><esritopo Sync="TRUE">FALSE</esritopo><efeacnt Sync="TRUE">0</efeacnt><spindex Sync="TRUE">FALSE</spindex><linrefer Sync="TRUE">FALSE</linrefer></esriterm></ptvctinf></spdoinfo><spref><horizsys><geograph><latres>0.0197273584</latres><longres>0.0276362639</longres><geogunit>Decimal seconds</geogunit></geograph><geodetic><horizdn>D_WGS_1984</horizdn><ellips>WGS_1984</ellips><semiaxis>6378137.0</semiaxis><denflat>298.257223563</denflat></geodetic></horizsys></spref><eainfo><detailed Name="Qfaults_US_Database"><enttyp><enttypl>qfault_edits</enttypl><enttypd>Geospatial Dataset</enttypd><enttypds>Producer defined</enttypds><enttypt Sync="TRUE">Feature Class</enttypt><enttypc Sync="TRUE">0</enttypc></enttyp><attr><attrlabl Sync="TRUE">FID</attrlabl><attalias Sync="TRUE">FID</attalias><attrtype Sync="TRUE">OID</attrtype><attwidth Sync="TRUE">4</attwidth><atprecis Sync="TRUE">0</atprecis><attscale Sync="TRUE">0</attscale><attrdef Sync="TRUE">Internal feature number.</attrdef><attrdefs Sync="TRUE">Esri</attrdefs><attrdomv><udom Sync="TRUE">Sequential unique whole numbers that are automatically generated.</udom></attrdomv></attr><attr><attrlabl>Shape</attrlabl><attrdef>Feature geometry.</attrdef><attrdefs>ESRI</attrdefs><attrdomv><udom>Coordinates defining the features.</udom></attrdomv><attalias Sync="TRUE">Shape</attalias><attrtype Sync="TRUE">Geometry</attrtype><attwidth Sync="TRUE">0</attwidth><atprecis Sync="TRUE">0</atprecis><attscale Sync="TRUE">0</attscale></attr><attr><attrlabl>fault_name</attrlabl><attrdef>Name of fault</attrdef><attrdefs>Producer defined</attrdefs><attrdomv><udom>string field containing the name of the fault</udom></attrdomv><attalias Sync="TRUE">fault_name</attalias><attrtype Sync="TRUE">String</attrtype><attwidth Sync="TRUE">100</attwidth><atprecis Sync="TRUE">0</atprecis><attscale Sync="TRUE">0</attscale></attr><attr><attrlabl Sync="TRUE">section_na</attrlabl><attalias Sync="TRUE">section_na</attalias><attrtype Sync="TRUE">String</attrtype><attwidth Sync="TRUE">100</attwidth><atprecis Sync="TRUE">0</atprecis><attscale Sync="TRUE">0</attscale></attr><attr><attrlabl>fault_id</attrlabl><attrdef>Numberical identification of the fault</attrdef><attrdefs>Producer defined</attrdefs><attrdomv><udom>Long integer</udom></attrdomv><attalias Sync="TRUE">fault_id</attalias><attrtype Sync="TRUE">String</attrtype><attwidth Sync="TRUE">10</attwidth><atprecis Sync="TRUE">0</atprecis><attscale Sync="TRUE">0</attscale></attr><attr><attrlabl>section_id</attrlabl><attrdef>If needed, this is the coded identification of the section name.</attrdef><attrdefs>Producer defined</attrdefs><attrdomv><edom><edomv>none</edomv><edomvd>There are no associated sections with this fault</edomvd><edomvds>Producer defined</edomvds></edom></attrdomv><attrdomv><udom>Coded value such as: a,b,c,d,e,..</udom></attrdomv><attalias Sync="TRUE">section_id</attalias><attrtype Sync="TRUE">String</attrtype><attwidth Sync="TRUE">1</attwidth><atprecis Sync="TRUE">0</atprecis><attscale Sync="TRUE">0</attscale></attr><attr><attrlabl>Location</attrlabl><attrdef>State where fault primarily resides. Offshore </attrdef><attrdefs>Producer defined</attrdefs><attrdomv><udom>State name</udom></attrdomv><attalias Sync="TRUE">Location</attalias><attrtype Sync="TRUE">String</attrtype><attwidth Sync="TRUE">100</attwidth><atprecis Sync="TRUE">0</atprecis><attscale Sync="TRUE">0</attscale></attr><attr><attrlabl>linetype</attrlabl><attrdef/><attrdefs>Producer defined</attrdefs><attrdomv><udom/></attrdomv><attalias Sync="TRUE">linetype</attalias><attrtype Sync="TRUE">String</attrtype><attwidth Sync="TRUE">50</attwidth><atprecis Sync="TRUE">0</atprecis><attscale Sync="TRUE">0</attscale></attr><attr><attrlabl>age</attrlabl><attrdef/><attrdefs>Producer defined</attrdefs><attrdomv><udom/></attrdomv><attalias Sync="TRUE">age</attalias><attrtype Sync="TRUE">String</attrtype><attwidth Sync="TRUE">50</attwidth><atprecis Sync="TRUE">0</atprecis><attscale Sync="TRUE">0</attscale></attr><attr><attrlabl Sync="TRUE">dip_direct</attrlabl><attalias Sync="TRUE">dip_direct</attalias><attrtype Sync="TRUE">String</attrtype><attwidth Sync="TRUE">50</attwidth><atprecis Sync="TRUE">0</atprecis><attscale Sync="TRUE">0</attscale></attr><attr><attrlabl>slip_rate</attrlabl><attrdef/><attrdefs>Producer defined</attrdefs><attrdomv><udom/></attrdomv><attalias Sync="TRUE">slip_rate</attalias><attrtype Sync="TRUE">String</attrtype><attwidth Sync="TRUE">100</attwidth><atprecis Sync="TRUE">0</atprecis><attscale Sync="TRUE">0</attscale></attr><attr><attrlabl>slip_sense</attrlabl><attrdef/><attrdefs>Producer defined</attrdefs><attrdomv><udom/></attrdomv><attalias Sync="TRUE">slip_sense</attalias><attrtype Sync="TRUE">String</attrtype><attwidth Sync="TRUE">50</attwidth><atprecis Sync="TRUE">0</atprecis><attscale Sync="TRUE">0</attscale></attr><attr><attrlabl Sync="TRUE">scale</attrlabl><attalias Sync="TRUE">scale</attalias><attrtype Sync="TRUE">String</attrtype><attwidth Sync="TRUE">50</attwidth><atprecis Sync="TRUE">0</atprecis><attscale Sync="TRUE">0</attscale></attr><attr><attrlabl>class</attrlabl><attrdef/><attrdefs>Producer defined</attrdefs><attrdomv><udom/></attrdomv><attalias Sync="TRUE">class</attalias><attrtype Sync="TRUE">String</attrtype><attwidth Sync="TRUE">50</attwidth><atprecis Sync="TRUE">0</atprecis><attscale Sync="TRUE">0</attscale></attr><attr><attrlabl Sync="TRUE">certainty</attrlabl><attalias Sync="TRUE">certainty</attalias><attrtype Sync="TRUE">String</attrtype><attwidth Sync="TRUE">200</attwidth><atprecis Sync="TRUE">0</atprecis><attscale Sync="TRUE">0</attscale></attr><attr><attrlabl>strike</attrlabl><attrdef/><attrdefs>Producer defined</attrdefs><attrdomv><udom/></attrdomv><attalias Sync="TRUE">strike</attalias><attrtype Sync="TRUE">String</attrtype><attwidth Sync="TRUE">50</attwidth><atprecis Sync="TRUE">0</atprecis><attscale Sync="TRUE">0</attscale></attr><attr><attrlabl Sync="TRUE">fault_leng</attrlabl><attalias Sync="TRUE">fault_leng</attalias><attrtype Sync="TRUE">Integer</attrtype><attwidth Sync="TRUE">10</attwidth><atprecis Sync="TRUE">10</atprecis><attscale Sync="TRUE">0</attscale></attr><attr><attrlabl Sync="TRUE">cooperator</attrlabl><attalias Sync="TRUE">cooperator</attalias><attrtype Sync="TRUE">String</attrtype><attwidth Sync="TRUE">200</attwidth><atprecis Sync="TRUE">0</atprecis><attscale Sync="TRUE">0</attscale></attr><attr><attrlabl>earthquake</attrlabl><attrdef/><attrdefs>Producer defined</attrdefs><attrdomv><udom/></attrdomv><attalias Sync="TRUE">earthquake</attalias><attrtype Sync="TRUE">String</attrtype><attwidth Sync="TRUE">200</attwidth><atprecis Sync="TRUE">0</atprecis><attscale Sync="TRUE">0</attscale></attr><attr><attrlabl Sync="TRUE">review_dat</attrlabl><attalias Sync="TRUE">review_dat</attalias><attrtype Sync="TRUE">Date</attrtype><attwidth Sync="TRUE">8</attwidth><atprecis Sync="TRUE">0</atprecis><attscale Sync="TRUE">0</attscale></attr><attr><attrlabl>fault_url</attrlabl><attrdef>URL of the associated archived fault report</attrdef><attrdefs>Producer defined</attrdefs><attrdomv><udom>Link to the Quaternary Faults archived reports available on https://earthquake.usgs.gov/hazards/qfaults/</udom></attrdomv><attalias Sync="TRUE">fault_url</attalias><attrtype Sync="TRUE">String</attrtype><attwidth Sync="TRUE">254</attwidth><atprecis Sync="TRUE">0</atprecis><attscale Sync="TRUE">0</attscale></attr><attr><attrlabl>symbology</attrlabl><attrdef>Value composed of line type and age for display purposes in web application</attrdef><attrdefs>Producer defined</attrdefs><attrdomv><udom/></attrdomv><attalias Sync="TRUE">symbology</attalias><attrtype Sync="TRUE">String</attrtype><attwidth Sync="TRUE">100</attwidth><atprecis Sync="TRUE">0</atprecis><attscale Sync="TRUE">0</attscale></attr><attr><attrlabl>ref_id</attrlabl><attrdef>Reference ID for linking associated citations with the faults.</attrdef><attrdefs>Producer defined</attrdefs><attrdomv><udom/></attrdomv><attalias Sync="TRUE">ref_id</attalias><attrtype Sync="TRUE">String</attrtype><attwidth Sync="TRUE">50</attwidth><atprecis Sync="TRUE">0</atprecis><attscale Sync="TRUE">0</attscale></attr><attr><attrlabl Sync="TRUE">Shape_Leng</attrlabl><attalias Sync="TRUE">Shape_Leng</attalias><attrtype Sync="TRUE">Double</attrtype><attwidth Sync="TRUE">19</attwidth><atprecis Sync="TRUE">0</atprecis><attscale Sync="TRUE">0</attscale></attr></detailed><overview><eaover>TBD</eaover><eadetcit>http://earthquake.usgs.gov</eadetcit></overview></eainfo><distinfo><distrib><cntinfo><cntperp><cntper>ScienceBase</cntper><cntorg>U.S. Geological Survey - ScienceBase</cntorg></cntperp><cntaddr><addrtype>mailing and physical</addrtype><address>Denver Federal Center, Building 810, Mail Stop 302</address><city>Denver</city><state>CO</state><postal>80225</postal><country>USA</country></cntaddr><cntvoice>1-888-275-8747</cntvoice><cntemail>sciencebase@usgs.gov</cntemail></cntinfo></distrib><distliab>"Unless otherwise stated, all data, metadata and related materials are considered to satisfy the quality standards relative to the purpose for which the data were collected. Although these data and associated metadata have been reviewed for accuracy and completeness and approved for release by the U.S. Geological Survey (USGS), no warranty expressed or implied is made regarding the display or utility of the data on any other system or for general or scientific purposes, nor shall the act of distribution constitute any such warranty.</distliab><stdorder><digform><digtinfo><formname>Vector Digital Data Set (Polyline)</formname></digtinfo><digtopt><onlinopt><computer><networka><networkr/></networka></computer></onlinopt></digtopt></digform><fees/></stdorder></distinfo><metainfo><metd>20190716</metd><metc><cntinfo><cntperp><cntper>GHSC Data Steward</cntper><cntorg>U.S. Geological Survey, Geologic Hazards Science Center</cntorg></cntperp><cntpos>Open Data Policy coordinator</cntpos><cntaddr><addrtype>mailing and physical</addrtype><address>1711 Illinois Street</address><city>Golden</city><state>Colorado</state><postal>80401</postal><country>USA</country></cntaddr><cntvoice>303-273-8500</cntvoice><cntemail>ghsc_metadata@usgs.gov</cntemail></cntinfo></metc><metstdn>Content Standard for Digital Geospatial Metadata</metstdn><metstdv>FGDC-STD-001-1998</metstdv></metainfo><dataIdInfo><envirDesc Sync="TRUE">Microsoft Windows 10 Version 10.0 (Build 17763) ; Esri ArcGIS 12.6.0.24783</envirDesc><dataLang><languageCode value="eng" Sync="TRUE"></languageCode><countryCode value="USA" Sync="TRUE"></countryCode></dataLang><idCitation><resTitle Sync="TRUE">Qfaults_US_Database</resTitle><presForm><PresFormCd value="005" Sync="TRUE"></PresFormCd></presForm></idCitation><spatRpType><SpatRepTypCd value="001" Sync="TRUE"></SpatRepTypCd></spatRpType></dataIdInfo><mdLang><languageCode value="eng" Sync="TRUE"></languageCode><countryCode value="USA" Sync="TRUE"></countryCode></mdLang><Esri><DataProperties><itemProps><itemName Sync="TRUE">Qfaults_US_Database</itemName><imsContentType Sync="TRUE">002</imsContentType><itemLocation><linkage Sync="TRUE">file://\\IGSKCICGLTGW055\C$\Users\rschmitt\Documents\ArcGIS\Projects\Faults\Qfaults\Databases\Final\ver_2\Qfaults_GIS\SHP\Qfaults_US_Database.shp</linkage><protocol Sync="TRUE">Local Area Network</protocol></itemLocation><itemSize Sync="TRUE">0.000</itemSize></itemProps><coordRef><type Sync="TRUE">Geographic</type><geogcsn Sync="TRUE">GCS_WGS_1984</geogcsn><csUnits Sync="TRUE">Angular Unit: Degree (0.017453)</csUnits><peXml Sync="TRUE">&lt;GeographicCoordinateSystem xsi:type='typens:GeographicCoordinateSystem' xmlns:xsi='http://www.w3.org/2001/XMLSchema-instance' xmlns:xs='http://www.w3.org/2001/XMLSchema' xmlns:typens='http://www.esri.com/schemas/ArcGIS/2.6.0'&gt;&lt;WKT&gt;GEOGCS[&amp;quot;GCS_WGS_1984&amp;quot;,DATUM[&amp;quot;D_WGS_1984&amp;quot;,SPHEROID[&amp;quot;WGS_1984&amp;quot;,6378137.0,298.257223563]],PRIMEM[&amp;quot;Greenwich&amp;quot;,0.0],UNIT[&amp;quot;Degree&amp;quot;,0.0174532925199433],AUTHORITY[&amp;quot;EPSG&amp;quot;,4326]]&lt;/WKT&gt;&lt;XOrigin&gt;-400&lt;/XOrigin&gt;&lt;YOrigin&gt;-400&lt;/YOrigin&gt;&lt;XYScale&gt;11258999068426.238&lt;/XYScale&gt;&lt;ZOrigin&gt;-100000&lt;/ZOrigin&gt;&lt;ZScale&gt;10000&lt;/ZScale&gt;&lt;MOrigin&gt;-100000&lt;/MOrigin&gt;&lt;MScale&gt;10000&lt;/MScale&gt;&lt;XYTolerance&gt;8.983152841195215e-09&lt;/XYTolerance&gt;&lt;ZTolerance&gt;0.001&lt;/ZTolerance&gt;&lt;MTolerance&gt;0.001&lt;/MTolerance&gt;&lt;HighPrecision&gt;true&lt;/HighPrecision&gt;&lt;LeftLongitude&gt;-180&lt;/LeftLongitude&gt;&lt;WKID&gt;4326&lt;/WKID&gt;&lt;LatestWKID&gt;4326&lt;/LatestWKID&gt;&lt;/GeographicCoordinateSystem&gt;</peXml></coordRef><lineage><Process ToolSource="c:\program files\arcgis\pro\Resources\ArcToolbox\toolboxes\Analysis Tools.tbx\SpatialJoin" Date="20190808" Time="105913">SpatialJoin qfault_edits USA_State "C:\Users\rschmitt\Documents\ArcGIS\Projects\QFaults_Pro\QFaults_Project_shared\Shared QFaults Project.gdb\qfault_edits_SpatialJoin1" "Join one to one" KEEP_ALL "fault_name "Fault Name" true true false 100 Text 0 0,First,#,qfault_edits,fault_name,0,100;section_name "Section Name" true true false 100 Text 0 0,First,#,qfault_edits,section_name,0,100;fault_id "Fault ID" true true false 10 Text 0 0,First,#,qfault_edits,fault_id,0,10;section_id "Section ID" true true false 1 Text 0 0,First,#,qfault_edits,section_id,0,1;Location "Location" true true false 100 Text 0 0,First,#,qfault_edits,Location,0,100;linetype "Linetype" true true false 50 Text 0 0,First,#,qfault_edits,linetype,0,50;age "Age" true true false 50 Text 0 0,First,#,qfault_edits,age,0,50;dip_direction "Dip Direction" true true false 50 Text 0 0,First,#,qfault_edits,dip_direction,0,50;slip_rate "Slip Rate(mm/year)" true true false 100 Text 0 0,First,#,qfault_edits,slip_rate,0,100;slip_sense "Slip Sense" true true false 50 Text 0 0,First,#,qfault_edits,slip_sense,0,50;mapped_scale "Mapped Scale" true true false 50 Text 0 0,First,#,qfault_edits,mapped_scale,0,50;class "Fault Class" true true false 50 Text 0 0,First,#,qfault_edits,class,0,50;mapped_certainty "Mapping Certainty" true true false 50 Text 0 0,First,#,qfault_edits,mapped_certainty,0,50;strike "Average Strike" true true false 50 Text 0 0,First,#,qfault_edits,strike,0,50;total_fault_length "Total Fault Length (km)" true true false 4 Long 0 0,First,#,qfault_edits,total_fault_length,-1,-1;cooperators "Cooperator" true true false 200 Text 0 0,First,#,qfault_edits,cooperators,0,200;earthquake "Associated Earthquake" true true false 200 Text 0 0,First,#,qfault_edits,earthquake,0,200;last_review "Date of Last Review" true true false 8 Date 0 0,First,#,qfault_edits,last_review,-1,-1;fault_url "Fault url" true true false 500 Text 0 0,First,#,qfault_edits,fault_url,0,500;symbology "symbology" true true false 100 Text 0 0,First,#,qfault_edits,symbology,0,100;ref_id "Citation ID" true true false 50 Text 0 0,First,#,qfault_edits,ref_id,0,50;Shape_Length "Shape_Length" false true true 8 Double 0 0,First,#,qfault_edits,Shape_Length,-1,-1;Faul_ID_num "Fault ID Number" true true false 4 Long 0 0,First,#,qfault_edits,Faul_ID_num,-1,-1;STATE_NAME "STATE_NAME" true true false 35 Text 0 0,First,#,USA_State,STATE_NAME,0,35" Closest # #</Process><Process ToolSource="c:\program files\arcgis\pro\Resources\ArcToolbox\toolboxes\Data Management Tools.tbx\CalculateField" Date="20190808" Time="133620">CalculateField qfault_edits_SpatialJoin1 Location !STATE_NAME! "Python 3" #</Process><Process ToolSource="c:\program files\arcgis\pro\Resources\ArcToolbox\toolboxes\Data Management Tools.tbx\DeleteField" Date="20190808" Time="133737">DeleteField qfault_edits_SpatialJoin1 Join_Count;TARGET_FID</Process><Process ToolSource="c:\program files\arcgis\pro\Resources\ArcToolbox\toolboxes\Conversion Tools.tbx\FeatureClassToFeatureClass" Date="20190808" Time="133942">FeatureClassToFeatureClass qfault_edits_SpatialJoin1 "C:\Users\rschmitt\Documents\ArcGIS\Projects\QFaults_Pro\QFaults_Project_shared\Shared QFaults Project.gdb" qfault_changes # "fault_name "Fault Name" true true false 100 Text 0 0,First,#,qfault_edits_SpatialJoin1,fault_name,0,100;section_name "Section Name" true true false 100 Text 0 0,First,#,qfault_edits_SpatialJoin1,section_name,0,100;fault_id "Fault ID" true true false 10 Text 0 0,First,#,qfault_edits_SpatialJoin1,fault_id,0,10;section_id "Section ID" true true false 1 Text 0 0,First,#,qfault_edits_SpatialJoin1,section_id,0,1;Location "Location" true true false 100 Text 0 0,First,#,qfault_edits_SpatialJoin1,Location,0,100;linetype "Linetype" true true false 50 Text 0 0,First,#,qfault_edits_SpatialJoin1,linetype,0,50;age "Age" true true false 50 Text 0 0,First,#,qfault_edits_SpatialJoin1,age,0,50;dip_direction "Dip Direction" true true false 50 Text 0 0,First,#,qfault_edits_SpatialJoin1,dip_direction,0,50;slip_rate "Slip Rate(mm/year)" true true false 100 Text 0 0,First,#,qfault_edits_SpatialJoin1,slip_rate,0,100;slip_sense "Slip Sense" true true false 50 Text 0 0,First,#,qfault_edits_SpatialJoin1,slip_sense,0,50;mapped_scale "Mapped Scale" true true false 50 Text 0 0,First,#,qfault_edits_SpatialJoin1,mapped_scale,0,50;class "Fault Class" true true false 50 Text 0 0,First,#,qfault_edits_SpatialJoin1,class,0,50;mapped_certainty "Mapping Certainty" true true false 50 Text 0 0,First,#,qfault_edits_SpatialJoin1,mapped_certainty,0,50;strike "Average Strike" true true false 50 Text 0 0,First,#,qfault_edits_SpatialJoin1,strike,0,50;total_fault_length "Total Fault Length (km)" true true false 4 Long 0 0,First,#,qfault_edits_SpatialJoin1,total_fault_length,-1,-1;cooperators "Cooperator" true true false 200 Text 0 0,First,#,qfault_edits_SpatialJoin1,cooperators,0,200;earthquake "Associated Earthquake" true true false 200 Text 0 0,First,#,qfault_edits_SpatialJoin1,earthquake,0,200;last_review "Date of Last Review" true true false 8 Date 0 0,First,#,qfault_edits_SpatialJoin1,last_review,-1,-1;fault_url "Fault url" true true false 500 Text 0 0,First,#,qfault_edits_SpatialJoin1,fault_url,0,500;symbology "symbology" true true false 100 Text 0 0,First,#,qfault_edits_SpatialJoin1,symbology,0,100;ref_id "Citation ID" true true false 50 Text 0 0,First,#,qfault_edits_SpatialJoin1,ref_id,0,50;Faul_ID_num "Fault ID Number" true true false 4 Long 0 0,First,#,qfault_edits_SpatialJoin1,Faul_ID_num,-1,-1;Shape_Length "Shape_Length" false true true 8 Double 0 0,First,#,qfault_edits_SpatialJoin1,Shape_Length,-1,-1" #</Process><Process ToolSource="c:\program files\arcgis\pro\Resources\ArcToolbox\toolboxes\Data Management Tools.tbx\CalculateField" Date="20200225" Time="123012">CalculateField Qfault_edits cooperators "Wyoming Geological Survey" "Python 3" # Text</Process><Process ToolSource="c:\program files\arcgis\pro\Resources\ArcToolbox\toolboxes\Data Management Tools.tbx\CalculateField" Date="20200225" Time="124209">CalculateField Qfault_edits Faul_ID_num 5544 "Python 3" # Text</Process><Process ToolSource="c:\program files\arcgis\pro\Resources\ArcToolbox\toolboxes\Data Management Tools.tbx\UpdateSchema" Date="20200225" Time="124323">UpdateSchema "CIMDATA=&lt;CIMFeatureDatasetDataConnection xsi:type='typens:CIMFeatureDatasetDataConnection' xmlns:xsi='http://www.w3.org/2001/XMLSchema-instance' xmlns:xs='http://www.w3.org/2001/XMLSchema' xmlns:typens='http://www.esri.com/schemas/ArcGIS/2.5.0'&gt;&lt;FeatureDataset&gt;Edits&lt;/FeatureDataset&gt;&lt;WorkspaceConnectionString&gt;DATABASE=C:\Users\rschmitt\Documents\ArcGIS\Projects\Faults\Qfaults\Databases\Edits\Qfault_edits.gdb&lt;/WorkspaceConnectionString&gt;&lt;WorkspaceFactory&gt;FileGDB&lt;/WorkspaceFactory&gt;&lt;Dataset&gt;qfault_changes&lt;/Dataset&gt;&lt;DatasetType&gt;esriDTFeatureClass&lt;/DatasetType&gt;&lt;/CIMFeatureDatasetDataConnection&gt;" &lt;operationSequence&gt;&lt;workflow&gt;&lt;AlterField&gt;&lt;field_name&gt;Faul_ID_num&lt;/field_name&gt;&lt;new_field_name&gt;Fault_ID_num&lt;/new_field_name&gt;&lt;field_is_nullable&gt;True&lt;/field_is_nullable&gt;&lt;clear_field_alias&gt;False&lt;/clear_field_alias&gt;&lt;/AlterField&gt;&lt;/workflow&gt;&lt;/operationSequence&gt;</Process><Process ToolSource="c:\program files\arcgis\pro\Resources\ArcToolbox\toolboxes\Data Management Tools.tbx\UpdateSchema" Date="20200225" Time="124515">UpdateSchema "CIMDATA=&lt;CIMFeatureDatasetDataConnection xsi:type='typens:CIMFeatureDatasetDataConnection' xmlns:xsi='http://www.w3.org/2001/XMLSchema-instance' xmlns:xs='http://www.w3.org/2001/XMLSchema' xmlns:typens='http://www.esri.com/schemas/ArcGIS/2.5.0'&gt;&lt;FeatureDataset&gt;Edits&lt;/FeatureDataset&gt;&lt;WorkspaceConnectionString&gt;DATABASE=C:\Users\rschmitt\Documents\ArcGIS\Projects\Faults\Qfaults\Databases\Edits\Qfault_edits.gdb&lt;/WorkspaceConnectionString&gt;&lt;WorkspaceFactory&gt;FileGDB&lt;/WorkspaceFactory&gt;&lt;Dataset&gt;qfault_changes&lt;/Dataset&gt;&lt;DatasetType&gt;esriDTFeatureClass&lt;/DatasetType&gt;&lt;/CIMFeatureDatasetDataConnection&gt;" &lt;operationSequence&gt;&lt;workflow&gt;&lt;DeleteField&gt;&lt;field_name&gt;Faul_ID_num&lt;/field_name&gt;&lt;/DeleteField&gt;&lt;/workflow&gt;&lt;/operationSequence&gt;</Process><Process ToolSource="c:\program files\arcgis\pro\Resources\ArcToolbox\toolboxes\Data Management Tools.tbx\CalculateField" Date="20200225" Time="124705">CalculateField Qfault_edits ref_id 5544 PYTHON3 # Text</Process><Process ToolSource="c:\program files\arcgis\pro\Resources\ArcToolbox\toolboxes\Data Management Tools.tbx\CalculateField" Date="20200225" Time="124744">CalculateField Qfault_edits cooperators 'Wyoming Geological Survey' PYTHON3 # Text</Process><Process ToolSource="c:\program files\arcgis\pro\Resources\ArcToolbox\toolboxes\Data Management Tools.tbx\CalculateField" Date="20200225" Time="124814">CalculateField Qfault_edits fault_id 5544 PYTHON3 # Text</Process><Process ToolSource="c:\program files\arcgis\pro\Resources\ArcToolbox\toolboxes\Data Management Tools.tbx\CalculateField" Date="20200225" Time="124846">CalculateField Qfault_edits age 'latest Quaternary' PYTHON3 # Text</Process><Process ToolSource="c:\program files\arcgis\pro\Resources\ArcToolbox\toolboxes\Data Management Tools.tbx\CalculateField" Date="20200225" Time="124934">CalculateField Qfault_edits symbology !age!+' '+!linetype! PYTHON3 # Text</Process><Process ToolSource="c:\program files\arcgis\pro\Resources\ArcToolbox\toolboxes\Data Management Tools.tbx\CalculateField" Date="20200227" Time="091858">CalculateField Qfault_edits age 'late Quaternary' "Python 3" # Text</Process><Process ToolSource="c:\program files\arcgis\pro\Resources\ArcToolbox\toolboxes\Data Management Tools.tbx\CalculateField" Date="20200227" Time="091928">CalculateField Qfault_edits slip_rate '' "Python 3" # Text</Process><Process ToolSource="c:\program files\arcgis\pro\Resources\ArcToolbox\toolboxes\Data Management Tools.tbx\CalculateField" Date="20200227" Time="091941">CalculateField Qfault_edits slip_sense '' "Python 3" # Text</Process><Process ToolSource="c:\program files\arcgis\pro\Resources\ArcToolbox\toolboxes\Data Management Tools.tbx\CalculateField" Date="20200227" Time="091958">CalculateField Qfault_edits class 'A' "Python 3" # Text</Process><Process ToolSource="c:\program files\arcgis\pro\Resources\ArcToolbox\toolboxes\Data Management Tools.tbx\CalculateField" Date="20200227" Time="092014">CalculateField Qfault_edits strike '' "Python 3" # Text</Process><Process ToolSource="c:\program files\arcgis\pro\Resources\ArcToolbox\toolboxes\Data Management Tools.tbx\CalculateField" Date="20200227" Time="092221">CalculateField Qfault_edits cooperators 'Wyoming Geological Survey' "Python 3" # Text</Process><Process ToolSource="c:\program files\arcgis\pro\Resources\ArcToolbox\toolboxes\Data Management Tools.tbx\CalculateField" Date="20200227" Time="092231">CalculateField Qfault_edits earthquake '' "Python 3" # Text</Process><Process ToolSource="c:\program files\arcgis\pro\Resources\ArcToolbox\toolboxes\Data Management Tools.tbx\CalculateField" Date="20200227" Time="092305">CalculateField Qfault_edits fault_url '' "Python 3" # Text</Process><Process ToolSource="c:\program files\arcgis\pro\Resources\ArcToolbox\toolboxes\Data Management Tools.tbx\CalculateField" Date="20200227" Time="092328">CalculateField Qfault_edits ref_id '5545' "Python 3" # Text</Process><Process ToolSource="c:\program files\arcgis\pro\Resources\ArcToolbox\toolboxes\Data Management Tools.tbx\CalculateField" Date="20200227" Time="092336">CalculateField Qfault_edits Fault_ID_num 5545 "Python 3" # Text</Process><Process ToolSource="c:\program files\arcgis\pro\Resources\ArcToolbox\toolboxes\Data Management Tools.tbx\CalculateField" Date="20200227" Time="092347">CalculateField Qfault_edits section_name '' "Python 3" # Text</Process><Process ToolSource="c:\program files\arcgis\pro\Resources\ArcToolbox\toolboxes\Data Management Tools.tbx\CalculateField" Date="20200227" Time="092401">CalculateField Qfault_edits fault_id '5545' "Python 3" # Text</Process><Process ToolSource="c:\program files\arcgis\pro\Resources\ArcToolbox\toolboxes\Data Management Tools.tbx\CalculateField" Date="20200227" Time="092412">CalculateField Qfault_edits section_id '' "Python 3" # Text</Process><Process ToolSource="c:\program files\arcgis\pro\Resources\ArcToolbox\toolboxes\Data Management Tools.tbx\CalculateField" Date="20200227" Time="092425">CalculateField Qfault_edits dip_direction '' "Python 3" # Text</Process><Process ToolSource="c:\program files\arcgis\pro\Resources\ArcToolbox\toolboxes\Data Management Tools.tbx\CalculateField" Date="20200227" Time="093456">CalculateField Qfault_edits fault_id 771 PYTHON3 # Text</Process><Process ToolSource="c:\program files\arcgis\pro\Resources\ArcToolbox\toolboxes\Data Management Tools.tbx\CalculateField" Date="20200227" Time="093548">CalculateField Qfault_edits cooperators 'Wyoming Geological Survey' PYTHON3 # Text</Process><Process ToolSource="c:\program files\arcgis\pro\Resources\ArcToolbox\toolboxes\Data Management Tools.tbx\CalculateField" Date="20200227" Time="093632">CalculateField Qfault_edits earthquake '' PYTHON3 # Text</Process><Process ToolSource="c:\program files\arcgis\pro\Resources\ArcToolbox\toolboxes\Data Management Tools.tbx\CalculateField" Date="20200227" Time="093657">CalculateField Qfault_edits fault_url 'https://earthquake.usgs.gov/cfusion/qfault/show_report_AB_archive.cfm?fault_id=771&amp;section_id=a' PYTHON3 # Text</Process><Process ToolSource="c:\program files\arcgis\pro\Resources\ArcToolbox\toolboxes\Data Management Tools.tbx\CalculateField" Date="20200227" Time="093713">CalculateField Qfault_edits Fault_ID_num 771 PYTHON3 # Text</Process><Process ToolSource="c:\program files\arcgis\pro\Resources\ArcToolbox\toolboxes\Data Management Tools.tbx\CalculateField" Date="20200227" Time="093824">CalculateField Qfault_edits section_name 'northern section' PYTHON3 # Text</Process><Process ToolSource="c:\program files\arcgis\pro\Resources\ArcToolbox\toolboxes\Data Management Tools.tbx\CalculateField" Date="20200227" Time="093844">CalculateField Qfault_edits section_id 'a' PYTHON3 # Text</Process><Process ToolSource="c:\program files\arcgis\pro\Resources\ArcToolbox\toolboxes\Data Management Tools.tbx\CalculateField" Date="20200227" Time="093916">CalculateField Qfault_edits age 'late Quaternary' PYTHON3 # Text</Process><Process ToolSource="c:\program files\arcgis\pro\Resources\ArcToolbox\toolboxes\Data Management Tools.tbx\CalculateField" Date="20200227" Time="093931">CalculateField Qfault_edits dip_direction 'SE' PYTHON3 # Text</Process><Process ToolSource="c:\program files\arcgis\pro\Resources\ArcToolbox\toolboxes\Data Management Tools.tbx\CalculateField" Date="20200227" Time="093945">CalculateField Qfault_edits slip_rate 'Less than 0.2 mm/yr' PYTHON3 # Text</Process><Process ToolSource="c:\program files\arcgis\pro\Resources\ArcToolbox\toolboxes\Data Management Tools.tbx\CalculateField" Date="20200227" Time="094003">CalculateField Qfault_edits class 'A' PYTHON3 # Text</Process><Process ToolSource="c:\program files\arcgis\pro\Resources\ArcToolbox\toolboxes\Data Management Tools.tbx\CalculateField" Date="20200227" Time="094029">CalculateField Qfault_edits strike 'N61°E' PYTHON3 # Text</Process><Process ToolSource="c:\program files\arcgis\pro\Resources\ArcToolbox\toolboxes\Data Management Tools.tbx\CalculateField" Date="20200227" Time="094113">CalculateField Qfault_edits ref_id '771' PYTHON3 # Text</Process><Process ToolSource="c:\program files\arcgis\pro\Resources\ArcToolbox\toolboxes\Data Management Tools.tbx\CalculateField" Date="20200227" Time="094643">CalculateField Qfault_edits section_name 'southern section' "Python 3" # Text</Process><Process ToolSource="c:\program files\arcgis\pro\Resources\ArcToolbox\toolboxes\Data Management Tools.tbx\CalculateField" Date="20200227" Time="094650">CalculateField Qfault_edits section_id 'c' "Python 3" # Text</Process><Process ToolSource="c:\program files\arcgis\pro\Resources\ArcToolbox\toolboxes\Data Management Tools.tbx\CalculateField" Date="20200227" Time="094739">CalculateField Qfault_edits dip_direction 'E' "Python 3" # Text</Process><Process ToolSource="c:\program files\arcgis\pro\Resources\ArcToolbox\toolboxes\Data Management Tools.tbx\CalculateField" Date="20200227" Time="094751">CalculateField Qfault_edits slip_rate 'Less than 0.2 mm/yr' "Python 3" # Text</Process><Process ToolSource="c:\program files\arcgis\pro\Resources\ArcToolbox\toolboxes\Data Management Tools.tbx\CalculateField" Date="20200227" Time="094822">CalculateField Qfault_edits class 'B' "Python 3" # Text</Process><Process ToolSource="c:\program files\arcgis\pro\Resources\ArcToolbox\toolboxes\Data Management Tools.tbx\CalculateField" Date="20200227" Time="094930">CalculateField Qfault_edits strike 'N16°E' "Python 3" # Text</Process><Process ToolSource="c:\program files\arcgis\pro\Resources\ArcToolbox\toolboxes\Data Management Tools.tbx\CalculateField" Date="20200227" Time="095002">CalculateField Qfault_edits age 'class B' "Python 3" # Text</Process><Process ToolSource="c:\program files\arcgis\pro\Resources\ArcToolbox\toolboxes\Data Management Tools.tbx\CalculateField" Date="20200227" Time="095029">CalculateField Qfault_edits symbology !age!+' '+!linetype! "Python 3" # Text</Process><Process ToolSource="c:\program files\arcgis\pro\Resources\ArcToolbox\toolboxes\Data Management Tools.tbx\CalculateField" Date="20200227" Time="095108">CalculateField Qfault_edits ref_id '771c' "Python 3" # Text</Process><Process ToolSource="c:\program files\arcgis\pro\Resources\ArcToolbox\toolboxes\Data Management Tools.tbx\CalculateField" Date="20200227" Time="095151">CalculateField Qfault_edits fault_name 'Phillips Valley fault' "Python 3" # Text</Process><Process ToolSource="c:\program files\arcgis\pro\Resources\ArcToolbox\toolboxes\Data Management Tools.tbx\CalculateField" Date="20200227" Time="095623">CalculateField Qfault_edits ref_id !fault_id!+!section_id! "Python 3" # Text</Process><Process ToolSource="c:\program files\arcgis\pro\Resources\ArcToolbox\toolboxes\Data Management Tools.tbx\CalculateField" Date="20200227" Time="095654">CalculateField Qfault_edits ref_id !fault_id!!section_id! PYTHON3 # Text</Process><Process ToolSource="c:\program files\arcgis\pro\Resources\ArcToolbox\toolboxes\Data Management Tools.tbx\CalculateField" Date="20200227" Time="095713">CalculateField Qfault_edits ref_id !fault_id!+!section_id! PYTHON3 # Text</Process><Process ToolSource="c:\program files\arcgis\pro\Resources\ArcToolbox\toolboxes\Data Management Tools.tbx\CalculateField" Date="20200227" Time="095905">CalculateField Qfault_edits ref_id !fault_id!+''+!section_id! PYTHON3 # Text</Process><Process ToolSource="c:\program files\arcgis\pro\Resources\ArcToolbox\toolboxes\Data Management Tools.tbx\CalculateField" Date="20200227" Time="095938">CalculateField Qfault_edits ref_id !section_id! PYTHON3 # Text</Process><Process ToolSource="c:\program files\arcgis\pro\Resources\ArcToolbox\toolboxes\Data Management Tools.tbx\CalculateField" Date="20200227" Time="095952">CalculateField Qfault_edits ref_id !fault_id!+!section_id! PYTHON3 # Text</Process><Process ToolSource="c:\program files\arcgis\pro\Resources\ArcToolbox\toolboxes\Data Management Tools.tbx\CalculateField" Date="20200227" Time="102826">CalculateField Qfault_edits fault_id '5546' PYTHON3 # Text</Process><Process ToolSource="c:\program files\arcgis\pro\Resources\ArcToolbox\toolboxes\Data Management Tools.tbx\CalculateField" Date="20200227" Time="102950">CalculateField Qfault_edits fault_id !ref_id! PYTHON3 # Text</Process><Process ToolSource="c:\program files\arcgis\pro\Resources\ArcToolbox\toolboxes\Data Management Tools.tbx\CalculateField" Date="20200227" Time="103142">CalculateField Qfault_edits fault_id '5546' PYTHON3 # Text</Process><Process ToolSource="c:\program files\arcgis\pro\Resources\ArcToolbox\toolboxes\Data Management Tools.tbx\CalculateField" Date="20200227" Time="103152">CalculateField Qfault_edits section_id '' PYTHON3 # Text</Process><Process ToolSource="c:\program files\arcgis\pro\Resources\ArcToolbox\toolboxes\Data Management Tools.tbx\CalculateField" Date="20200227" Time="103215">CalculateField Qfault_edits age 'late Quaternary' PYTHON3 # Text</Process><Process ToolSource="c:\program files\arcgis\pro\Resources\ArcToolbox\toolboxes\Data Management Tools.tbx\CalculateField" Date="20200227" Time="103239">CalculateField Qfault_edits dip_direction 'unspecified' PYTHON3 # Text</Process><Process ToolSource="c:\program files\arcgis\pro\Resources\ArcToolbox\toolboxes\Data Management Tools.tbx\CalculateField" Date="20200227" Time="103310">CalculateField Qfault_edits slip_sense 'Normal' PYTHON3 # Text</Process><Process ToolSource="c:\program files\arcgis\pro\Resources\ArcToolbox\toolboxes\Data Management Tools.tbx\CalculateField" Date="20200227" Time="103349">CalculateField Qfault_edits class 'A' PYTHON3 # Text</Process><Process ToolSource="c:\program files\arcgis\pro\Resources\ArcToolbox\toolboxes\Data Management Tools.tbx\CalculateField" Date="20200227" Time="103437">CalculateField Qfault_edits strike '' PYTHON3 # Text</Process><Process ToolSource="c:\program files\arcgis\pro\Resources\ArcToolbox\toolboxes\Data Management Tools.tbx\CalculateField" Date="20200227" Time="103451">CalculateField Qfault_edits total_fault_length '' PYTHON3 # Text</Process><Process ToolSource="c:\program files\arcgis\pro\Resources\ArcToolbox\toolboxes\Data Management Tools.tbx\CalculateField" Date="20200227" Time="103519">CalculateField Qfault_edits cooperators 'Wyoming Geological Survey' PYTHON3 # Text</Process><Process ToolSource="c:\program files\arcgis\pro\Resources\ArcToolbox\toolboxes\Data Management Tools.tbx\CalculateField" Date="20200227" Time="103531">CalculateField Qfault_edits earthquake '' PYTHON3 # Text</Process><Process ToolSource="c:\program files\arcgis\pro\Resources\ArcToolbox\toolboxes\Data Management Tools.tbx\CalculateField" Date="20200227" Time="103553">CalculateField Qfault_edits fault_url '' PYTHON3 # Text</Process><Process ToolSource="c:\program files\arcgis\pro\Resources\ArcToolbox\toolboxes\Data Management Tools.tbx\CalculateField" Date="20200227" Time="103626">CalculateField Qfault_edits ref_id '5546' PYTHON3 # Text</Process><Process ToolSource="c:\program files\arcgis\pro\Resources\ArcToolbox\toolboxes\Data Management Tools.tbx\CalculateField" Date="20200227" Time="103636">CalculateField Qfault_edits Fault_ID_num 5546 PYTHON3 # Text</Process><Process ToolSource="c:\program files\arcgis\pro\Resources\ArcToolbox\toolboxes\Data Management Tools.tbx\CalculateField" Date="20200227" Time="103758">CalculateField Qfault_edits slip_rate '' PYTHON3 # Text</Process><Process ToolSource="c:\program files\arcgis\pro\Resources\ArcToolbox\toolboxes\Data Management Tools.tbx\CalculateField" Date="20200227" Time="104238">CalculateField Qfault_edits fault_name 'faults east of The Potholes' PYTHON3 # Text</Process><Process ToolSource="c:\program files\arcgis\pro\Resources\ArcToolbox\toolboxes\Data Management Tools.tbx\CalculateField" Date="20200227" Time="104247">CalculateField Qfault_edits section_name '' PYTHON3 # Text</Process><Process ToolSource="c:\program files\arcgis\pro\Resources\ArcToolbox\toolboxes\Data Management Tools.tbx\CalculateField" Date="20200227" Time="104305">CalculateField Qfault_edits fault_id '5547' PYTHON3 # Text</Process><Process ToolSource="c:\program files\arcgis\pro\Resources\ArcToolbox\toolboxes\Data Management Tools.tbx\CalculateField" Date="20200227" Time="104314">CalculateField Qfault_edits section_id '' PYTHON3 # Text</Process><Process ToolSource="c:\program files\arcgis\pro\Resources\ArcToolbox\toolboxes\Data Management Tools.tbx\CalculateField" Date="20200227" Time="104431">CalculateField Qfault_edits age 'class B' PYTHON3 # Text</Process><Process ToolSource="c:\program files\arcgis\pro\Resources\ArcToolbox\toolboxes\Data Management Tools.tbx\CalculateField" Date="20200227" Time="104444">CalculateField Qfault_edits dip_direction '' PYTHON3 # Text</Process><Process ToolSource="c:\program files\arcgis\pro\Resources\ArcToolbox\toolboxes\Data Management Tools.tbx\CalculateField" Date="20200227" Time="104513">CalculateField Qfault_edits slip_rate '' PYTHON3 # Text</Process><Process ToolSource="c:\program files\arcgis\pro\Resources\ArcToolbox\toolboxes\Data Management Tools.tbx\CalculateField" Date="20200227" Time="104549">CalculateField Qfault_edits cooperators 'Wyoming Geological Survey' PYTHON3 # Text</Process><Process ToolSource="c:\program files\arcgis\pro\Resources\ArcToolbox\toolboxes\Data Management Tools.tbx\CalculateField" Date="20200227" Time="104559">CalculateField Qfault_edits earthquake '' PYTHON3 # Text</Process><Process ToolSource="c:\program files\arcgis\pro\Resources\ArcToolbox\toolboxes\Data Management Tools.tbx\CalculateField" Date="20200227" Time="104624">CalculateField Qfault_edits fault_url '' PYTHON3 # Text</Process><Process ToolSource="c:\program files\arcgis\pro\Resources\ArcToolbox\toolboxes\Data Management Tools.tbx\CalculateField" Date="20200227" Time="104637">CalculateField Qfault_edits symbology 'class B' PYTHON3 # Text</Process><Process ToolSource="c:\program files\arcgis\pro\Resources\ArcToolbox\toolboxes\Data Management Tools.tbx\CalculateField" Date="20200227" Time="105811">CalculateField Qfault_edits symbology 'class B Well Constrained' PYTHON3 # Text</Process><Process ToolSource="c:\program files\arcgis\pro\Resources\ArcToolbox\toolboxes\Data Management Tools.tbx\CalculateField" Date="20200227" Time="115249">CalculateField Qfault_edits symbology !age!+!linetype! "Python 3" # Text</Process><Process ToolSource="c:\program files\arcgis\pro\Resources\ArcToolbox\toolboxes\Data Management Tools.tbx\CalculateField" Date="20200227" Time="115257">CalculateField Qfault_edits symbology !age!+' '+!linetype! PYTHON3 # Text</Process><Process ToolSource="c:\program files\arcgis\pro\Resources\ArcToolbox\toolboxes\Data Management Tools.tbx\CalculateField" Date="20200227" Time="115334">CalculateField Qfault_edits ref_id !fault_id! PYTHON3 # Text</Process><Process ToolSource="c:\program files\arcgis\pro\Resources\ArcToolbox\toolboxes\Data Management Tools.tbx\CalculateField" Date="20200227" Time="115344">CalculateField Qfault_edits Fault_ID_num '5547' PYTHON3 # Text</Process><Process ToolSource="c:\program files\arcgis\pro\Resources\ArcToolbox\toolboxes\Data Management Tools.tbx\CalculateField" Date="20200227" Time="120358">CalculateField Qfault_edits fault_name 'Faults in boundary region of Yellowstone and Grand Teton National Parks' "Python 3" # Text</Process><Process ToolSource="c:\program files\arcgis\pro\Resources\ArcToolbox\toolboxes\Data Management Tools.tbx\CalculateField" Date="20200227" Time="120425">CalculateField Qfault_edits section_name '' "Python 3" # Text</Process><Process ToolSource="c:\program files\arcgis\pro\Resources\ArcToolbox\toolboxes\Data Management Tools.tbx\CalculateField" Date="20200227" Time="120552">CalculateField Qfault_edits fault_id '764' "Python 3" # Text</Process><Process ToolSource="c:\program files\arcgis\pro\Resources\ArcToolbox\toolboxes\Data Management Tools.tbx\CalculateField" Date="20200227" Time="120603">CalculateField Qfault_edits section_id '' "Python 3" # Text</Process><Process ToolSource="c:\program files\arcgis\pro\Resources\ArcToolbox\toolboxes\Data Management Tools.tbx\CalculateField" Date="20200227" Time="120622">CalculateField Qfault_edits linetype 'Well Constrained' "Python 3" # Text</Process><Process ToolSource="c:\program files\arcgis\pro\Resources\ArcToolbox\toolboxes\Data Management Tools.tbx\CalculateField" Date="20200227" Time="120648">CalculateField Qfault_edits age 'undifferentiated Quaternary' "Python 3" # Text</Process><Process ToolSource="c:\program files\arcgis\pro\Resources\ArcToolbox\toolboxes\Data Management Tools.tbx\CalculateField" Date="20200227" Time="120711">CalculateField Qfault_edits dip_direction 'Unspecified' "Python 3" # Text</Process><Process ToolSource="c:\program files\arcgis\pro\Resources\ArcToolbox\toolboxes\Data Management Tools.tbx\CalculateField" Date="20200227" Time="120728">CalculateField Qfault_edits slip_rate 'Less than 0.2 mm/yr' "Python 3" # Text</Process><Process ToolSource="c:\program files\arcgis\pro\Resources\ArcToolbox\toolboxes\Data Management Tools.tbx\CalculateField" Date="20200227" Time="120929">CalculateField Qfault_edits slip_sense '' "Python 3" # Text</Process><Process ToolSource="c:\program files\arcgis\pro\Resources\ArcToolbox\toolboxes\Data Management Tools.tbx\CalculateField" Date="20200227" Time="121002">CalculateField Qfault_edits class '' PYTHON3 # Text</Process><Process ToolSource="c:\program files\arcgis\pro\Resources\ArcToolbox\toolboxes\Data Management Tools.tbx\CalculateField" Date="20200227" Time="121027">CalculateField Qfault_edits cooperators 'Wyoming Geological Survey' PYTHON3 # Text</Process><Process ToolSource="c:\program files\arcgis\pro\Resources\ArcToolbox\toolboxes\Data Management Tools.tbx\CalculateField" Date="20200227" Time="121041">CalculateField Qfault_edits earthquake '' PYTHON3 # Text</Process><Process ToolSource="c:\program files\arcgis\pro\Resources\ArcToolbox\toolboxes\Data Management Tools.tbx\CalculateField" Date="20200227" Time="121109">CalculateField Qfault_edits Fault_ID_num 764 PYTHON3 # Text</Process><Process ToolSource="c:\program files\arcgis\pro\Resources\ArcToolbox\toolboxes\Data Management Tools.tbx\CalculateField" Date="20200227" Time="121127">CalculateField Qfault_edits ref_id '764' PYTHON3 # Text</Process><Process ToolSource="c:\program files\arcgis\pro\Resources\ArcToolbox\toolboxes\Data Management Tools.tbx\CalculateField" Date="20200227" Time="121140">CalculateField Qfault_edits fault_url '' PYTHON3 # Text</Process><Process ToolSource="c:\program files\arcgis\pro\Resources\ArcToolbox\toolboxes\Data Management Tools.tbx\CalculateField" Date="20200227" Time="123456">CalculateField Qfault_edits section_name 'Steamboat Mountain section' PYTHON3 # Text</Process><Process ToolSource="c:\program files\arcgis\pro\Resources\ArcToolbox\toolboxes\Data Management Tools.tbx\CalculateField" Date="20200227" Time="123522">CalculateField Qfault_edits fault_id '768' PYTHON3 # Text</Process><Process ToolSource="c:\program files\arcgis\pro\Resources\ArcToolbox\toolboxes\Data Management Tools.tbx\CalculateField" Date="20200227" Time="123537">CalculateField Qfault_edits section_id 'a' PYTHON3 # Text</Process><Process ToolSource="c:\program files\arcgis\pro\Resources\ArcToolbox\toolboxes\Data Management Tools.tbx\CalculateField" Date="20200227" Time="123704">CalculateField Qfault_edits Fault_ID_num 768 PYTHON3 # Text</Process><Process ToolSource="c:\program files\arcgis\pro\Resources\ArcToolbox\toolboxes\Data Management Tools.tbx\CalculateField" Date="20200227" Time="123731">CalculateField Qfault_edits ref_id '768a' PYTHON3 # Text</Process><Process ToolSource="c:\program files\arcgis\pro\Resources\ArcToolbox\toolboxes\Data Management Tools.tbx\CalculateField" Date="20200227" Time="123745">CalculateField Qfault_edits fault_url '' PYTHON3 # Text</Process><Process ToolSource="c:\program files\arcgis\pro\Resources\ArcToolbox\toolboxes\Data Management Tools.tbx\CalculateField" Date="20200227" Time="123801">CalculateField Qfault_edits earthquake '' PYTHON3 # Text</Process><Process ToolSource="c:\program files\arcgis\pro\Resources\ArcToolbox\toolboxes\Data Management Tools.tbx\CalculateField" Date="20200227" Time="123826">CalculateField Qfault_edits cooperators 'Wyoming Geological Survey' PYTHON3 # Text</Process><Process ToolSource="c:\program files\arcgis\pro\Resources\ArcToolbox\toolboxes\Data Management Tools.tbx\CalculateField" Date="20200227" Time="123945">CalculateField Qfault_edits strike '' PYTHON3 # Text</Process><Process ToolSource="c:\program files\arcgis\pro\Resources\ArcToolbox\toolboxes\Data Management Tools.tbx\CalculateField" Date="20200227" Time="124044">CalculateField Qfault_edits slip_sense '' PYTHON3 # Text</Process><Process ToolSource="c:\program files\arcgis\pro\Resources\ArcToolbox\toolboxes\Data Management Tools.tbx\CalculateField" Date="20200227" Time="124106">CalculateField Qfault_edits slip_rate '' PYTHON3 # Text</Process><Process ToolSource="c:\program files\arcgis\pro\Resources\ArcToolbox\toolboxes\Data Management Tools.tbx\CalculateField" Date="20200227" Time="124810">CalculateField Qfault_edits age "late Quaternary" PYTHON3 # Text</Process><Process ToolSource="c:\program files\arcgis\pro\Resources\ArcToolbox\toolboxes\Data Management Tools.tbx\CalculateField" Date="20200227" Time="125016">CalculateField Qfault_edits section_name 'northern section' PYTHON3 # Text</Process><Process ToolSource="c:\program files\arcgis\pro\Resources\ArcToolbox\toolboxes\Data Management Tools.tbx\CalculateField" Date="20200227" Time="125036">CalculateField Qfault_edits fault_id '768' PYTHON3 # Text</Process><Process ToolSource="c:\program files\arcgis\pro\Resources\ArcToolbox\toolboxes\Data Management Tools.tbx\CalculateField" Date="20200227" Time="125257">CalculateField Qfault_edits section_id 'b' PYTHON3 # Text</Process><Process ToolSource="c:\program files\arcgis\pro\Resources\ArcToolbox\toolboxes\Data Management Tools.tbx\CalculateField" Date="20200227" Time="125357">CalculateField Qfault_edits ref_id '768b' PYTHON3 # Text</Process><Process ToolSource="c:\program files\arcgis\pro\Resources\ArcToolbox\toolboxes\Data Management Tools.tbx\CalculateField" Date="20200227" Time="125419">CalculateField Qfault_edits Fault_ID_num 768 PYTHON3 # Text</Process><Process ToolSource="c:\program files\arcgis\pro\Resources\ArcToolbox\toolboxes\Data Management Tools.tbx\CalculateField" Date="20200227" Time="131518">CalculateField Qfault_edits section_name 'central section' PYTHON3 # Text</Process><Process ToolSource="c:\program files\arcgis\pro\Resources\ArcToolbox\toolboxes\Data Management Tools.tbx\CalculateField" Date="20200227" Time="131539">CalculateField Qfault_edits fault_id '768' PYTHON3 # Text</Process><Process ToolSource="c:\program files\arcgis\pro\Resources\ArcToolbox\toolboxes\Data Management Tools.tbx\CalculateField" Date="20200227" Time="131559">CalculateField Qfault_edits section_id 'c' PYTHON3 # Text</Process><Process ToolSource="c:\program files\arcgis\pro\Resources\ArcToolbox\toolboxes\Data Management Tools.tbx\CalculateField" Date="20200227" Time="131705">CalculateField Qfault_edits age 'late Quaternary' PYTHON3 # Text</Process><Process ToolSource="c:\program files\arcgis\pro\Resources\ArcToolbox\toolboxes\Data Management Tools.tbx\CalculateField" Date="20200227" Time="131719">CalculateField Qfault_edits dip_direction '' PYTHON3 # Text</Process><Process ToolSource="c:\program files\arcgis\pro\Resources\ArcToolbox\toolboxes\Data Management Tools.tbx\CalculateField" Date="20200227" Time="131732">CalculateField Qfault_edits slip_rate '' "Python 3" # Text</Process><Process ToolSource="c:\program files\arcgis\pro\Resources\ArcToolbox\toolboxes\Data Management Tools.tbx\CalculateField" Date="20200227" Time="131747">CalculateField Qfault_edits slip_sense '' "Python 3" # Text</Process><Process ToolSource="c:\program files\arcgis\pro\Resources\ArcToolbox\toolboxes\Data Management Tools.tbx\CalculateField" Date="20200227" Time="131821">CalculateField Qfault_edits cooperators 'Wyoming Geological Survey' "Python 3" # Text</Process><Process ToolSource="c:\program files\arcgis\pro\Resources\ArcToolbox\toolboxes\Data Management Tools.tbx\CalculateField" Date="20200227" Time="131841">CalculateField Qfault_edits earthquake '' "Python 3" # Text</Process><Process ToolSource="c:\program files\arcgis\pro\Resources\ArcToolbox\toolboxes\Data Management Tools.tbx\CalculateField" Date="20200227" Time="131855">CalculateField Qfault_edits fault_url '' "Python 3" # Text</Process><Process ToolSource="c:\program files\arcgis\pro\Resources\ArcToolbox\toolboxes\Data Management Tools.tbx\CalculateField" Date="20200227" Time="131927">CalculateField Qfault_edits ref_id !fault_id!+!section_id! "Python 3" # Text</Process><Process ToolSource="c:\program files\arcgis\pro\Resources\ArcToolbox\toolboxes\Data Management Tools.tbx\CalculateField" Date="20200227" Time="131943">CalculateField Qfault_edits Fault_ID_num 768 "Python 3" # Text</Process><Process ToolSource="c:\program files\arcgis\pro\Resources\ArcToolbox\toolboxes\Data Management Tools.tbx\CalculateField" Date="20200227" Time="132134">CalculateField Qfault_edits Fault_ID_num 768 "Python 3" # Text</Process><Process ToolSource="c:\program files\arcgis\pro\Resources\ArcToolbox\toolboxes\Data Management Tools.tbx\CalculateField" Date="20200227" Time="132148">CalculateField Qfault_edits ref_id '768c' "Python 3" # Text</Process><Process ToolSource="c:\program files\arcgis\pro\Resources\ArcToolbox\toolboxes\Data Management Tools.tbx\CalculateField" Date="20200227" Time="132209">CalculateField Qfault_edits symbology !age!+' '+!linetype! "Python 3" # Text</Process><Process ToolSource="c:\program files\arcgis\pro\Resources\ArcToolbox\toolboxes\Data Management Tools.tbx\CalculateField" Date="20200227" Time="132222">CalculateField Qfault_edits fault_url '' "Python 3" # Text</Process><Process ToolSource="c:\program files\arcgis\pro\Resources\ArcToolbox\toolboxes\Data Management Tools.tbx\CalculateField" Date="20200227" Time="132249">CalculateField Qfault_edits cooperators 'Wyoming Geological Survey' "Python 3" # Text</Process><Process ToolSource="c:\program files\arcgis\pro\Resources\ArcToolbox\toolboxes\Data Management Tools.tbx\CalculateField" Date="20200227" Time="132325">CalculateField Qfault_edits earthquake '' "Python 3" # Text</Process><Process ToolSource="c:\program files\arcgis\pro\Resources\ArcToolbox\toolboxes\Data Management Tools.tbx\CalculateField" Date="20200227" Time="132342">CalculateField Qfault_edits slip_sense '' "Python 3" # Text</Process><Process ToolSource="c:\program files\arcgis\pro\Resources\ArcToolbox\toolboxes\Data Management Tools.tbx\CalculateField" Date="20200227" Time="132356">CalculateField Qfault_edits slip_rate '' "Python 3" # Text</Process><Process ToolSource="c:\program files\arcgis\pro\Resources\ArcToolbox\toolboxes\Data Management Tools.tbx\CalculateField" Date="20200227" Time="132408">CalculateField Qfault_edits dip_direction '' "Python 3" # Text</Process><Process ToolSource="c:\program files\arcgis\pro\Resources\ArcToolbox\toolboxes\Data Management Tools.tbx\CalculateField" Date="20200227" Time="132430">CalculateField Qfault_edits age 'late Quaternary' "Python 3" # Text</Process><Process ToolSource="c:\program files\arcgis\pro\Resources\ArcToolbox\toolboxes\Data Management Tools.tbx\CalculateField" Date="20200227" Time="132632">CalculateField Qfault_edits section_name 'southern section' "Python 3" # Text</Process><Process ToolSource="c:\program files\arcgis\pro\Resources\ArcToolbox\toolboxes\Data Management Tools.tbx\CalculateField" Date="20200227" Time="132649">CalculateField Qfault_edits fault_id '768' "Python 3" # Text</Process><Process ToolSource="c:\program files\arcgis\pro\Resources\ArcToolbox\toolboxes\Data Management Tools.tbx\CalculateField" Date="20200227" Time="133146">CalculateField Qfault_edits section_name 'southern section' "Python 3" # Text</Process><Process ToolSource="c:\program files\arcgis\pro\Resources\ArcToolbox\toolboxes\Data Management Tools.tbx\CalculateField" Date="20200227" Time="133200">CalculateField Qfault_edits section_id 'd' "Python 3" # Text</Process><Process ToolSource="c:\program files\arcgis\pro\Resources\ArcToolbox\toolboxes\Data Management Tools.tbx\CalculateField" Date="20200227" Time="133220">CalculateField Qfault_edits ref_id '768d' "Python 3" # Text</Process><Process ToolSource="c:\program files\arcgis\pro\Resources\ArcToolbox\toolboxes\Data Management Tools.tbx\CalculateField" Date="20200227" Time="133234">CalculateField Qfault_edits Fault_ID_num 768 "Python 3" # Text</Process><Process ToolSource="c:\program files\arcgis\pro\Resources\ArcToolbox\toolboxes\Data Management Tools.tbx\CalculateField" Date="20200303" Time="111724">CalculateField Qfault_edits Fault_ID_num 768 "Python 3" # Text</Process><Process ToolSource="c:\program files\arcgis\pro\Resources\ArcToolbox\toolboxes\Data Management Tools.tbx\CalculateField" Date="20200303" Time="111902">CalculateField Qfault_edits Fault_ID_num 000 PYTHON3 # Text</Process><Process ToolSource="c:\program files\arcgis\pro\Resources\ArcToolbox\toolboxes\Data Management Tools.tbx\CalculateField" Date="20200303" Time="112009">CalculateField Qfault_edits fault_id str(!Fault_ID_num!) PYTHON3 # Text</Process><Process ToolSource="c:\program files\arcgis\pro\Resources\ArcToolbox\toolboxes\Data Management Tools.tbx\CalculateField" Date="20200303" Time="112143">CalculateField Qfault_edits ref_id !fault_id!+!section_id! PYTHON3 # Text</Process><Process ToolSource="c:\program files\arcgis\pro\Resources\ArcToolbox\toolboxes\Data Management Tools.tbx\CalculateField" Date="20200303" Time="112303">CalculateField Qfault_edits section_id '' PYTHON3 # Text</Process><Process ToolSource="c:\program files\arcgis\pro\Resources\ArcToolbox\toolboxes\Data Management Tools.tbx\CalculateField" Date="20200303" Time="112321">CalculateField Qfault_edits ref_id !fault_id!+!section_id! PYTHON3 # Text</Process><Process ToolSource="c:\program files\arcgis\pro\Resources\ArcToolbox\toolboxes\Data Management Tools.tbx\CalculateField" Date="20200303" Time="112444">CalculateField Qfault_edits section_name '' PYTHON3 # Text</Process><Process ToolSource="c:\program files\arcgis\pro\Resources\ArcToolbox\Toolboxes\Data Management Tools.tbx\CalculateField" Date="20200303" Time="113610">CalculateField Qfault_edits section_name 'central section' "Python 3" # Text</Process><Process ToolSource="c:\program files\arcgis\pro\Resources\ArcToolbox\Toolboxes\Data Management Tools.tbx\CalculateField" Date="20200303" Time="113619">CalculateField Qfault_edits section_id 'f' "Python 3" # Text</Process><Process ToolSource="c:\program files\arcgis\pro\Resources\ArcToolbox\Toolboxes\Data Management Tools.tbx\CalculateField" Date="20200303" Time="113631">CalculateField Qfault_edits section_id 'c' "Python 3" # Text</Process><Process ToolSource="c:\program files\arcgis\pro\Resources\ArcToolbox\Toolboxes\Data Management Tools.tbx\CalculateField" Date="20200303" Time="121050">CalculateField Qfault_edits section_name '' "Python 3" # Text</Process><Process ToolSource="c:\program files\arcgis\pro\Resources\ArcToolbox\Toolboxes\Data Management Tools.tbx\CalculateField" Date="20200303" Time="121057">CalculateField Qfault_edits section_id '' "Python 3" # Text</Process><Process ToolSource="c:\program files\arcgis\pro\Resources\ArcToolbox\Toolboxes\Data Management Tools.tbx\CalculateField" Date="20200303" Time="121305">CalculateField Qfault_edits section_name '' "Python 3" # Text</Process><Process ToolSource="c:\program files\arcgis\pro\Resources\ArcToolbox\Toolboxes\Data Management Tools.tbx\CalculateField" Date="20200303" Time="121336">CalculateField Qfault_edits section_id '' "Python 3" # Text</Process><Process ToolSource="c:\program files\arcgis\pro\Resources\ArcToolbox\toolboxes\Data Management Tools.tbx\AddRelate" Date="20200303" Time="164250">AddRelate Qfault_changes ref_id Fault_References reference_number Relate1 "Many to many"</Process><Process ToolSource="c:\program files\arcgis\pro\Resources\ArcToolbox\toolboxes\Data Management Tools.tbx\RemoveRelate" Date="20200303" Time="164434">RemoveRelate Qfault_changes #</Process><Process ToolSource="c:\program files\arcgis\pro\Resources\ArcToolbox\toolboxes\Data Management Tools.tbx\AddRelate" Date="20200303" Time="164943">AddRelate Qfault_changes ref_id Fault_References citation_id Relate1 "One to many"</Process><Process ToolSource="c:\program files\arcgis\pro\Resources\ArcToolbox\toolboxes\Data Management Tools.tbx\RemoveRelate" Date="20200304" Time="075511">RemoveRelate Qfault_changes #</Process><Process ToolSource="c:\program files\arcgis\pro\Resources\ArcToolbox\toolboxes\Data Management Tools.tbx\RemoveRelate" Date="20200304" Time="081304">RemoveRelate Qfault_changes #</Process><Process ToolSource="c:\program files\arcgis\pro\Resources\ArcToolbox\toolboxes\Data Management Tools.tbx\Append" Date="20200304" Time="084532">Append unknown_unknown_faults_CA_July2018 Qfault_changes "Use the Field Map to reconcile schema differences" "fault_name "Fault Name" true true false 100 Text 0 0,First,#,C:\Users\rschmitt\Documents\ArcGIS\Projects\Faults\Qfaults\Databases\Edits\Qfault_edits.gdb\Unknown_Faults\unknown_unknown_faults_CA_July2018,fault_name,0,100;fault_id "Fault ID" true true false 10 Text 0 0,First,#,C:\Users\rschmitt\Documents\ArcGIS\Projects\Faults\Qfaults\Databases\Edits\Qfault_edits.gdb\Unknown_Faults\unknown_unknown_faults_CA_July2018,fault_id,0,10;section_id "Section ID" true true false 1 Text 0 0,First,#,C:\Users\rschmitt\Documents\ArcGIS\Projects\Faults\Qfaults\Databases\Edits\Qfault_edits.gdb\Unknown_Faults\unknown_unknown_faults_CA_July2018,section_id,0,1;Location "Location" true true false 100 Text 0 0,First,#,unknown_unknown_faults_CA_July2018,segment_lo,0,100;linetype "Linetype" true true false 50 Text 0 0,First,#,C:\Users\rschmitt\Documents\ArcGIS\Projects\Faults\Qfaults\Databases\Edits\Qfault_edits.gdb\Unknown_Faults\unknown_unknown_faults_CA_July2018,linetype,0,50;age "Age" true true false 50 Text 0 0,First,#,unknown_unknown_faults_CA_July2018,segment_ag,0,50;mapped_scale "Mapped Scale" true true false 50 Text 0 0,First,#,C:\Users\rschmitt\Documents\ArcGIS\Projects\Faults\Qfaults\Databases\Edits\Qfault_edits.gdb\Unknown_Faults\unknown_unknown_faults_CA_July2018,mapped_scale,0,50;cooperators "Cooperator" true true false 200 Text 0 0,First,#,unknown_unknown_faults_CA_July2018,cooperator,0,200;earthquake "Associated Earthquake" true true false 200 Text 0 0,First,#,C:\Users\rschmitt\Documents\ArcGIS\Projects\Faults\Qfaults\Databases\Edits\Qfault_edits.gdb\Unknown_Faults\unknown_unknown_faults_CA_July2018,earthquake,0,200" # #</Process><Process ToolSource="c:\program files\arcgis\pro\Resources\ArcToolbox\toolboxes\Data Management Tools.tbx\CalculateField" Date="20200304" Time="084650">CalculateField Qfault_changes section_name '' PYTHON3 # Text</Process><Process ToolSource="c:\program files\arcgis\pro\Resources\ArcToolbox\toolboxes\Data Management Tools.tbx\CalculateField" Date="20200304" Time="084702">CalculateField Qfault_changes dip_direction '' PYTHON3 # Text</Process><Process ToolSource="c:\program files\arcgis\pro\Resources\ArcToolbox\toolboxes\Data Management Tools.tbx\CalculateField" Date="20200304" Time="084714">CalculateField Qfault_changes slip_rate '' PYTHON3 # Text</Process><Process ToolSource="c:\program files\arcgis\pro\Resources\ArcToolbox\toolboxes\Data Management Tools.tbx\CalculateField" Date="20200304" Time="084728">CalculateField Qfault_changes slip_sense '' PYTHON3 # Text</Process><Process ToolSource="c:\program files\arcgis\pro\Resources\ArcToolbox\toolboxes\Data Management Tools.tbx\CalculateField" Date="20200304" Time="084739">CalculateField Qfault_changes class '' PYTHON3 # Text</Process><Process ToolSource="c:\program files\arcgis\pro\Resources\ArcToolbox\toolboxes\Data Management Tools.tbx\CalculateField" Date="20200304" Time="084757">CalculateField Qfault_changes mapped_certainty '' PYTHON3 # Text</Process><Process ToolSource="c:\program files\arcgis\pro\Resources\ArcToolbox\toolboxes\Data Management Tools.tbx\CalculateField" Date="20200304" Time="084811">CalculateField Qfault_changes strike '' PYTHON3 # Text</Process><Process ToolSource="c:\program files\arcgis\pro\Resources\ArcToolbox\toolboxes\Data Management Tools.tbx\CalculateField" Date="20200304" Time="084823">CalculateField Qfault_changes total_fault_length '' PYTHON3 # Text</Process><Process ToolSource="c:\program files\arcgis\pro\Resources\ArcToolbox\toolboxes\Data Management Tools.tbx\CalculateField" Date="20200304" Time="084844">CalculateField Qfault_changes last_review '2010' PYTHON3 # Text</Process><Process ToolSource="c:\program files\arcgis\pro\Resources\ArcToolbox\toolboxes\Data Management Tools.tbx\CalculateField" Date="20200304" Time="084949">CalculateField Qfault_changes last_review '20100101' PYTHON3 # Text</Process><Process ToolSource="c:\program files\arcgis\pro\Resources\ArcToolbox\toolboxes\Data Management Tools.tbx\CalculateField" Date="20200304" Time="085005">CalculateField Qfault_changes last_review '01/01/2010' PYTHON3 # Text</Process><Process ToolSource="c:\program files\arcgis\pro\Resources\ArcToolbox\toolboxes\Data Management Tools.tbx\CalculateField" Date="20200304" Time="085022">CalculateField Qfault_changes fault_url '' PYTHON3 # Text</Process><Process ToolSource="c:\program files\arcgis\pro\Resources\ArcToolbox\toolboxes\Data Management Tools.tbx\CalculateField" Date="20200304" Time="085106">CalculateField Qfault_changes symbology !age!+' '+!linetype! PYTHON3 # Text</Process><Process ToolSource="c:\program files\arcgis\pro\Resources\ArcToolbox\toolboxes\Data Management Tools.tbx\CalculateField" Date="20200304" Time="085128">CalculateField Qfault_changes ref_id '0' PYTHON3 # Text</Process><Process ToolSource="c:\program files\arcgis\pro\Resources\ArcToolbox\toolboxes\Data Management Tools.tbx\CalculateField" Date="20200304" Time="085140">CalculateField Qfault_changes Fault_ID_num 0 PYTHON3 # Text</Process><Process ToolSource="c:\program files\arcgis\pro\Resources\ArcToolbox\toolboxes\Data Management Tools.tbx\CalculateField" Date="20200406" Time="151507">CalculateField Qfault_changes Location "WA Offshore" PYTHON3 # Text</Process><Process ToolSource="c:\program files\arcgis\pro\Resources\ArcToolbox\toolboxes\Data Management Tools.tbx\UpdateSchema" Date="20200505" Time="123636">UpdateSchema "CIMDATA=&lt;CIMFeatureDatasetDataConnection xsi:type='typens:CIMFeatureDatasetDataConnection' xmlns:xsi='http://www.w3.org/2001/XMLSchema-instance' xmlns:xs='http://www.w3.org/2001/XMLSchema' xmlns:typens='http://www.esri.com/schemas/ArcGIS/2.5.0'&gt;&lt;FeatureDataset&gt;Edits&lt;/FeatureDataset&gt;&lt;WorkspaceConnectionString&gt;DATABASE=C:\Users\rschmitt\Documents\ArcGIS\Projects\Faults\Qfaults\Databases\Edits\Qfault_edits.gdb&lt;/WorkspaceConnectionString&gt;&lt;WorkspaceFactory&gt;FileGDB&lt;/WorkspaceFactory&gt;&lt;Dataset&gt;qfault_changes&lt;/Dataset&gt;&lt;DatasetType&gt;esriDTFeatureClass&lt;/DatasetType&gt;&lt;/CIMFeatureDatasetDataConnection&gt;" &lt;operationSequence&gt;&lt;workflow&gt;&lt;AlterField&gt;&lt;field_name&gt;mapped_certainty&lt;/field_name&gt;&lt;field_type&gt;TEXT&lt;/field_type&gt;&lt;field_length&gt;200&lt;/field_length&gt;&lt;field_is_nullable&gt;True&lt;/field_is_nullable&gt;&lt;clear_field_alias&gt;False&lt;/clear_field_alias&gt;&lt;/AlterField&gt;&lt;/workflow&gt;&lt;/operationSequence&gt;</Process><Process ToolSource="c:\program files\arcgis\pro\Resources\ArcToolbox\toolboxes\Data Management Tools.tbx\Append" Date="20200505" Time="123702">Append CA_offshore Qfault_changes "Use the Field Map to reconcile schema differences" "fault_name "Fault Name" true true false 100 Text 0 0,First,#,C:\Users\rschmitt\Documents\ArcGIS\Projects\Faults\Qfaults\Databases\Edits\Qfault_edits.gdb\States\CA_offshore,FAULT_NAME,0,100;section_name "Section Name" true true false 100 Text 0 0,First,#,CA_offshore,SECTION_NA,0,100;fault_id "Fault ID" true true false 10 Text 0 0,First,#,C:\Users\rschmitt\Documents\ArcGIS\Projects\Faults\Qfaults\Databases\Edits\Qfault_edits.gdb\States\CA_offshore,FAULT_ID,0,25;section_id "Section ID" true true false 1 Text 0 0,First,#,C:\Users\rschmitt\Documents\ArcGIS\Projects\Faults\Qfaults\Databases\Edits\Qfault_edits.gdb\States\CA_offshore,Section_ID,0,10;Location "Location" true true false 100 Text 0 0,First,#,C:\Users\rschmitt\Documents\ArcGIS\Projects\Faults\Qfaults\Databases\Edits\Qfault_edits.gdb\States\CA_offshore,Location,0,255;linetype "Linetype" true true false 50 Text 0 0,First,#,CA_offshore,LINE_TYPE,0,50;age "Age" true true false 50 Text 0 0,First,#,CA_offshore,FLT_AGE,0,100;dip_direction "Dip Direction" true true false 50 Text 0 0,First,#;slip_rate "Slip Rate(mm/year)" true true false 100 Text 0 0,First,#,C:\Users\rschmitt\Documents\ArcGIS\Projects\Faults\Qfaults\Databases\Edits\Qfault_edits.gdb\States\CA_offshore,SLIP_RATE,0,20;slip_sense "Slip Sense" true true false 50 Text 0 0,First,#,C:\Users\rschmitt\Documents\ArcGIS\Projects\Faults\Qfaults\Databases\Edits\Qfault_edits.gdb\States\CA_offshore,SLIP_SENSE,0,20;mapped_scale "Mapped Scale" true true false 50 Text 0 0,First,#,CA_offshore,MAPPED_SCA,0,50;class "Fault Class" true true false 50 Text 0 0,First,#;mapped_certainty "Mapping Certainty" true true false 50 Text 0 0,First,#,CA_offshore,EXPRESSION,0,50;cooperators "Cooperator" true true false 200 Text 0 0,First,#;earthquake "Associated Earthquake" true true false 200 Text 0 0,First,#;last_review "Date of Last Review" true true false 8 Date 0 0,First,#;fault_url "Fault url" true true false 500 Text 0 0,First,#;symbology "symbology" true true false 100 Text 0 0,First,#;ref_id "Citation ID" true true false 50 Text 0 0,First,#;Fault_ID_num "Fault ID Number" true true false 4 Long 0 0,First,#" # #</Process><Process ToolSource="c:\program files\arcgis\pro\Resources\ArcToolbox\toolboxes\Data Management Tools.tbx\CalculateField" Date="20200505" Time="125043">CalculateField Qfault_changes last_review '04/20/2020' PYTHON3 # Text</Process><Process ToolSource="c:\program files\arcgis\pro\Resources\ArcToolbox\toolboxes\Data Management Tools.tbx\CalculateField" Date="20200505" Time="125139">CalculateField Qfault_changes fault_url 'https://doi.org/10.5066/P91RYEZ4' PYTHON3 # Text</Process><Process ToolSource="c:\program files\arcgis\pro\Resources\ArcToolbox\toolboxes\Data Management Tools.tbx\CalculateField" Date="20200505" Time="125324">CalculateField Qfault_changes slip_sense 'dextral' PYTHON3 # Text</Process><Process ToolSource="c:\program files\arcgis\pro\Resources\ArcToolbox\toolboxes\Data Management Tools.tbx\CalculateField" Date="20200505" Time="125405">CalculateField Qfault_changes slip_sense 'dextral, reverse' PYTHON3 # Text</Process><Process ToolSource="c:\program files\arcgis\pro\Resources\ArcToolbox\toolboxes\Data Management Tools.tbx\CalculateField" Date="20200505" Time="125456">CalculateField Qfault_changes slip_sense 'normal, dextral' PYTHON3 # Text</Process><Process ToolSource="c:\program files\arcgis\pro\Resources\ArcToolbox\toolboxes\Data Management Tools.tbx\CalculateField" Date="20200505" Time="125531">CalculateField Qfault_changes slip_sense 'reverse' PYTHON3 # Text</Process><Process ToolSource="c:\program files\arcgis\pro\Resources\ArcToolbox\toolboxes\Data Management Tools.tbx\CalculateField" Date="20200505" Time="125645">CalculateField Qfault_changes slip_sense 'reverse, dextral' PYTHON3 # Text</Process><Process ToolSource="c:\program files\arcgis\pro\Resources\ArcToolbox\toolboxes\Data Management Tools.tbx\CalculateField" Date="20200505" Time="125742">CalculateField Qfault_changes slip_sense 'reverse, sinistral' PYTHON3 # Text</Process><Process ToolSource="c:\program files\arcgis\pro\Resources\ArcToolbox\toolboxes\Data Management Tools.tbx\CalculateField" Date="20200505" Time="125817">CalculateField Qfault_changes slip_sense 'sinistral' PYTHON3 # Text</Process><Process ToolSource="c:\program files\arcgis\pro\Resources\ArcToolbox\toolboxes\Data Management Tools.tbx\CalculateField" Date="20200505" Time="130024">CalculateField Qfault_changes dip_direction 'unspecified' PYTHON3 # Text</Process><Process ToolSource="c:\program files\arcgis\pro\Resources\ArcToolbox\toolboxes\Data Management Tools.tbx\UpdateSchema" Date="20200505" Time="132250">UpdateSchema "CIMDATA=&lt;CIMFeatureDatasetDataConnection xsi:type='typens:CIMFeatureDatasetDataConnection' xmlns:xsi='http://www.w3.org/2001/XMLSchema-instance' xmlns:xs='http://www.w3.org/2001/XMLSchema' xmlns:typens='http://www.esri.com/schemas/ArcGIS/2.5.0'&gt;&lt;FeatureDataset&gt;Edits&lt;/FeatureDataset&gt;&lt;WorkspaceConnectionString&gt;DATABASE=C:\Users\rschmitt\Documents\ArcGIS\Projects\Faults\Qfaults\Databases\Edits\Qfault_edits.gdb&lt;/WorkspaceConnectionString&gt;&lt;WorkspaceFactory&gt;FileGDB&lt;/WorkspaceFactory&gt;&lt;Dataset&gt;qfault_changes&lt;/Dataset&gt;&lt;DatasetType&gt;esriDTFeatureClass&lt;/DatasetType&gt;&lt;/CIMFeatureDatasetDataConnection&gt;" &lt;operationSequence&gt;&lt;workflow&gt;&lt;AlterField&gt;&lt;field_name&gt;ref_id&lt;/field_name&gt;&lt;field_type&gt;TEXT&lt;/field_type&gt;&lt;field_length&gt;200&lt;/field_length&gt;&lt;field_is_nullable&gt;True&lt;/field_is_nullable&gt;&lt;clear_field_alias&gt;False&lt;/clear_field_alias&gt;&lt;/AlterField&gt;&lt;/workflow&gt;&lt;/operationSequence&gt;</Process><Process ToolSource="c:\program files\arcgis\pro\Resources\ArcToolbox\toolboxes\Data Management Tools.tbx\UpdateSchema" Date="20200505" Time="132636">UpdateSchema "CIMDATA=&lt;CIMFeatureDatasetDataConnection xsi:type='typens:CIMFeatureDatasetDataConnection' xmlns:xsi='http://www.w3.org/2001/XMLSchema-instance' xmlns:xs='http://www.w3.org/2001/XMLSchema' xmlns:typens='http://www.esri.com/schemas/ArcGIS/2.5.0'&gt;&lt;FeatureDataset&gt;Edits&lt;/FeatureDataset&gt;&lt;WorkspaceConnectionString&gt;DATABASE=C:\Users\rschmitt\Documents\ArcGIS\Projects\Faults\Qfaults\Databases\Edits\Qfault_edits.gdb&lt;/WorkspaceConnectionString&gt;&lt;WorkspaceFactory&gt;FileGDB&lt;/WorkspaceFactory&gt;&lt;Dataset&gt;qfault_changes&lt;/Dataset&gt;&lt;DatasetType&gt;esriDTFeatureClass&lt;/DatasetType&gt;&lt;/CIMFeatureDatasetDataConnection&gt;" &lt;operationSequence&gt;&lt;workflow&gt;&lt;AlterField&gt;&lt;field_name&gt;ref_id&lt;/field_name&gt;&lt;field_type&gt;TEXT&lt;/field_type&gt;&lt;field_length&gt;200&lt;/field_length&gt;&lt;field_is_nullable&gt;True&lt;/field_is_nullable&gt;&lt;clear_field_alias&gt;False&lt;/clear_field_alias&gt;&lt;/AlterField&gt;&lt;/workflow&gt;&lt;/operationSequence&gt;</Process><Process ToolSource="c:\program files\arcgis\pro\Resources\ArcToolbox\toolboxes\Data Management Tools.tbx\Project" Date="20200831" Time="164212">Project C:\Users\rschmitt\Documents\ArcGIS\Projects\Faults\Qfaults\Databases\Edits\Qfault_edits.gdb\Edits\qfault_changes C:\Users\rschmitt\Documents\ArcGIS\Projects\Faults\Qfaults\Databases\Edits\Qfault_edits.gdb\Qfaults_US_Database PROJCS['WGS_1984_Web_Mercator_Auxiliary_Sphere',GEOGCS['GCS_WGS_1984',DATUM['D_WGS_1984',SPHEROID['WGS_1984',6378137.0,298.257223563]],PRIMEM['Greenwich',0.0],UNIT['Degree',0.0174532925199433]],PROJECTION['Mercator_Auxiliary_Sphere'],PARAMETER['False_Easting',0.0],PARAMETER['False_Northing',0.0],PARAMETER['Central_Meridian',0.0],PARAMETER['Standard_Parallel_1',0.0],PARAMETER['Auxiliary_Sphere_Type',0.0],UNIT['Meter',1.0]] # GEOGCS['GCS_WGS_1984',DATUM['D_WGS_1984',SPHEROID['WGS_1984',6378137.0,298.257223563]],PRIMEM['Greenwich',0.0],UNIT['Degree',0.0174532925199433]] NO_PRESERVE_SHAPE # NO_VERTICAL</Process><Process ToolSource="c:\program files\arcgis\pro\Resources\ArcToolbox\toolboxes\Conversion Tools.tbx\FeatureClassToFeatureClass" Date="20201019" Time="130651">FeatureClassToFeatureClass C:\Users\rschmitt\Documents\ArcGIS\Projects\Faults\Qfaults\Databases\Final\ver_2\QFaults_2020.gdb\Qfaults_US_Database C:\Users\rschmitt\Documents\ArcGIS\Projects\Faults\Qfaults\Databases\Final\ver_2\Qfaults_GIS\SHP Qfaults_US_Database.shp # "fault_name "Fault Name" true true false 100 Text 0 0,First,#,C:\Users\rschmitt\Documents\ArcGIS\Projects\Faults\Qfaults\Databases\Final\ver_2\QFaults_2020.gdb\Qfaults_US_Database,fault_name,0,100;section_na "Section Name" true true false 100 Text 0 0,First,#,C:\Users\rschmitt\Documents\ArcGIS\Projects\Faults\Qfaults\Databases\Final\ver_2\QFaults_2020.gdb\Qfaults_US_Database,section_name,0,100;fault_id "Fault ID" true true false 10 Text 0 0,First,#,C:\Users\rschmitt\Documents\ArcGIS\Projects\Faults\Qfaults\Databases\Final\ver_2\QFaults_2020.gdb\Qfaults_US_Database,fault_id,0,10;section_id "Section ID" true true false 1 Text 0 0,First,#,C:\Users\rschmitt\Documents\ArcGIS\Projects\Faults\Qfaults\Databases\Final\ver_2\QFaults_2020.gdb\Qfaults_US_Database,section_id,0,1;Location "Location" true true false 100 Text 0 0,First,#,C:\Users\rschmitt\Documents\ArcGIS\Projects\Faults\Qfaults\Databases\Final\ver_2\QFaults_2020.gdb\Qfaults_US_Database,Location,0,100;linetype "Linetype" true true false 50 Text 0 0,First,#,C:\Users\rschmitt\Documents\ArcGIS\Projects\Faults\Qfaults\Databases\Final\ver_2\QFaults_2020.gdb\Qfaults_US_Database,linetype,0,50;age "Age" true true false 50 Text 0 0,First,#,C:\Users\rschmitt\Documents\ArcGIS\Projects\Faults\Qfaults\Databases\Final\ver_2\QFaults_2020.gdb\Qfaults_US_Database,age,0,50;dip_direct "Dip Direction" true true false 50 Text 0 0,First,#,C:\Users\rschmitt\Documents\ArcGIS\Projects\Faults\Qfaults\Databases\Final\ver_2\QFaults_2020.gdb\Qfaults_US_Database,dip_direction,0,50;slip_rate "Slip Rate(mm/year)" true true false 100 Text 0 0,First,#,C:\Users\rschmitt\Documents\ArcGIS\Projects\Faults\Qfaults\Databases\Final\ver_2\QFaults_2020.gdb\Qfaults_US_Database,slip_rate,0,100;slip_sense "Slip Sense" true true false 50 Text 0 0,First,#,C:\Users\rschmitt\Documents\ArcGIS\Projects\Faults\Qfaults\Databases\Final\ver_2\QFaults_2020.gdb\Qfaults_US_Database,slip_sense,0,50;scale "scale" true true false 50 Text 0 0,First,#,C:\Users\rschmitt\Documents\ArcGIS\Projects\Faults\Qfaults\Databases\Final\ver_2\QFaults_2020.gdb\Qfaults_US_Database,mapped_scale,0,50;class "Fault Class" true true false 50 Text 0 0,First,#,C:\Users\rschmitt\Documents\ArcGIS\Projects\Faults\Qfaults\Databases\Final\ver_2\QFaults_2020.gdb\Qfaults_US_Database,class,0,50;certainty "certainty" true true false 200 Text 0 0,First,#,C:\Users\rschmitt\Documents\ArcGIS\Projects\Faults\Qfaults\Databases\Final\ver_2\QFaults_2020.gdb\Qfaults_US_Database,mapped_certainty,0,200;strike "Average Strike" true true false 50 Text 0 0,First,#,C:\Users\rschmitt\Documents\ArcGIS\Projects\Faults\Qfaults\Databases\Final\ver_2\QFaults_2020.gdb\Qfaults_US_Database,strike,0,50;fault_length "fault_length" true true false 4 Long 0 0,First,#,C:\Users\rschmitt\Documents\ArcGIS\Projects\Faults\Qfaults\Databases\Final\ver_2\QFaults_2020.gdb\Qfaults_US_Database,total_fault_length,-1,-1;cooperator "Cooperator" true true false 200 Text 0 0,First,#,C:\Users\rschmitt\Documents\ArcGIS\Projects\Faults\Qfaults\Databases\Final\ver_2\QFaults_2020.gdb\Qfaults_US_Database,cooperators,0,200;earthquake "Associated Earthquake" true true false 200 Text 0 0,First,#,C:\Users\rschmitt\Documents\ArcGIS\Projects\Faults\Qfaults\Databases\Final\ver_2\QFaults_2020.gdb\Qfaults_US_Database,earthquake,0,200;review_date "review_date" true true false 8 Date 0 0,First,#,C:\Users\rschmitt\Documents\ArcGIS\Projects\Faults\Qfaults\Databases\Final\ver_2\QFaults_2020.gdb\Qfaults_US_Database,last_review,-1,-1;fault_url "Fault url" true true false 500 Text 0 0,First,#,C:\Users\rschmitt\Documents\ArcGIS\Projects\Faults\Qfaults\Databases\Final\ver_2\QFaults_2020.gdb\Qfaults_US_Database,fault_url,0,500;symbology "symbology" true true false 100 Text 0 0,First,#,C:\Users\rschmitt\Documents\ArcGIS\Projects\Faults\Qfaults\Databases\Final\ver_2\QFaults_2020.gdb\Qfaults_US_Database,symbology,0,100;ref_id "Citation ID" true true false 50 Text 0 0,First,#,C:\Users\rschmitt\Documents\ArcGIS\Projects\Faults\Qfaults\Databases\Final\ver_2\QFaults_2020.gdb\Qfaults_US_Database,ref_id,0,50;Shape_Leng "Shape_Length" false true true 8 Double 0 0,First,#,C:\Users\rschmitt\Documents\ArcGIS\Projects\Faults\Qfaults\Databases\Final\ver_2\QFaults_2020.gdb\Qfaults_US_Database,Shape_Length,-1,-1" #</Process></lineage></DataProperties><SyncDate>20201019</SyncDate><SyncTime>13063100</SyncTime><ModDate>20201019</ModDate><ModTime>13063100</ModTime><CreaDate>20200902</CreaDate><CreaTime>09345900</CreaTime><ArcGISFormat>1.0</ArcGISFormat><SyncOnce>FALSE</SyncOnce></Esri><distInfo><distFormat><formatName Sync="TRUE">Shapefile</formatName></distFormat><distTranOps><transSize Sync="TRUE">0.000</transSize></distTranOps></distInfo><mdHrLv><ScopeCd value="005" Sync="TRUE"></ScopeCd></mdHrLv><mdHrLvName Sync="TRUE">dataset</mdHrLvName><refSysInfo><RefSystem><refSysID><identCode code="4326" Sync="TRUE"></identCode><idCodeSpace Sync="TRUE">EPSG</idCodeSpace><idVersion Sync="TRUE">6.14(3.0.1)</idVersion></refSysID></RefSystem></refSysInfo><spatRepInfo><VectSpatRep><geometObjs Name="Qfaults_US_Database"><geoObjTyp><GeoObjTypCd value="002" Sync="TRUE"></GeoObjTypCd></geoObjTyp><geoObjCnt Sync="TRUE">0</geoObjCnt></geometObjs><topLvl><TopoLevCd value="001" Sync="TRUE"></TopoLevCd></topLvl></VectSpatRep></spatRepInfo><mdDateSt Sync="TRUE">20201019</mdDateSt></metadata>
