index,AGUASCALIENTES,BAJA CALIFORNIA,BAJA CALIFORNIA SUR,CAMPECHE,CHIAPAS,CHIHUAHUA,DISTRITO FEDERAL,COAHUILA,COLIMA,DURANGO,GUANAJUATO,GUERRERO,HIDALGO,JALISCO,MEXICO,MICHOACAN,MORELOS,NAYARIT,NUEVO LEON,OAXACA,PUEBLA,QUERETARO,QUINTANA ROO,SAN LUIS POTOSI,SINALOA,SONORA,TABASCO,TAMAULIPAS,TLAXCALA,VERACRUZ,YUCATAN,ZACATECAS,Nacional
2020-02-26,0,0,0,0,0,0,0,0,0,0,0,0,0,0,0,0,0,0,0,0,0,0,0,0,0,0,0,0,0,0,0,0,0
2020-02-27,0,0,0,0,0,0,2,0,0,0,0,0,1,0,1,0,0,0,0,0,0,0,0,0,0,0,0,0,0,0,0,0,4
2020-02-28,0,0,0,0,0,0,0,1,0,0,0,0,0,0,1,0,0,0,0,0,0,0,0,0,0,0,0,0,0,0,0,0,2
2020-02-29,0,0,0,0,1,0,0,0,0,0,0,0,0,0,1,0,0,0,0,0,0,0,0,0,0,0,0,0,0,0,0,0,2
2020-03-01,0,0,0,0,0,0,0,0,0,0,1,0,0,0,0,0,0,0,0,1,0,0,0,0,0,0,0,0,0,0,0,0,2
2020-03-02,0,0,0,0,0,0,0,0,0,0,3,0,0,0,2,0,0,0,0,0,0,0,0,0,0,0,0,0,0,0,0,0,5
2020-03-03,0,0,0,0,0,0,1,1,0,0,3,0,0,0,2,0,0,1,0,0,0,0,0,0,0,0,0,0,0,0,0,1,9
2020-03-04,0,0,0,0,0,0,3,0,0,0,3,0,0,0,2,0,0,0,1,0,0,0,0,0,0,0,1,0,0,0,0,0,10
2020-03-05,0,0,0,0,0,0,5,0,0,0,4,0,0,0,1,0,0,0,0,0,0,0,0,0,0,0,0,0,0,0,0,1,11
2020-03-06,0,0,0,0,0,0,1,0,0,0,4,0,0,0,0,0,0,0,0,0,0,0,0,0,0,0,0,0,1,0,0,0,6
2020-03-07,0,0,0,0,0,0,2,0,0,0,4,0,0,0,0,0,0,0,0,0,0,0,0,0,0,0,0,0,1,0,0,0,7
2020-03-08,0,0,0,1,0,0,3,0,0,0,2,0,0,0,2,0,0,0,0,0,0,0,0,0,0,0,0,0,0,0,0,0,8
2020-03-09,0,0,0,0,0,0,2,0,0,0,1,0,0,0,1,0,1,0,0,0,0,0,0,0,0,0,0,0,0,0,0,0,5
2020-03-10,0,0,0,0,0,0,3,0,0,0,1,0,0,0,5,0,0,0,4,0,0,2,0,0,0,0,0,0,0,0,0,2,17
2020-03-11,0,1,0,0,0,0,16,2,0,1,4,0,0,1,3,0,0,0,5,0,1,1,2,0,0,0,0,0,0,0,0,2,39
2020-03-12,0,0,0,1,0,0,23,0,0,0,0,0,0,3,4,0,0,0,1,1,2,1,1,0,0,0,0,0,1,0,1,2,41
2020-03-13,0,0,0,0,0,1,26,1,0,1,1,2,0,3,11,0,0,1,6,2,4,3,0,1,1,1,0,0,1,0,0,0,66
2020-03-14,1,0,0,1,0,1,23,0,1,1,0,0,0,5,4,0,1,0,6,0,3,1,4,0,0,0,0,0,0,0,0,0,52
2020-03-15,0,0,0,0,0,0,10,1,0,0,2,0,1,2,10,0,0,0,0,0,3,0,0,0,0,1,0,1,0,2,4,0,37
2020-03-16,0,2,0,0,0,0,28,2,1,0,2,2,0,12,7,0,0,0,6,0,4,0,3,1,2,0,0,1,1,0,2,1,77
2020-03-17,1,3,0,0,0,0,35,2,0,1,6,5,2,6,9,0,1,0,7,0,5,1,4,6,1,2,1,0,0,0,6,0,104
2020-03-18,3,4,1,0,1,1,31,2,0,1,12,1,0,17,5,1,1,1,12,0,6,2,2,1,0,1,3,0,0,7,0,0,116
2020-03-19,1,5,0,0,0,2,64,3,0,0,1,0,0,11,25,1,0,1,4,1,7,3,5,3,2,0,2,1,0,5,2,2,151
2020-03-20,2,6,1,0,0,3,36,4,0,0,5,0,3,5,26,2,1,0,12,1,5,0,1,3,1,1,2,1,0,2,6,3,132
2020-03-21,1,3,1,0,0,2,22,0,0,1,12,1,3,1,12,5,1,0,4,1,4,1,3,4,0,1,0,0,0,1,0,1,85
2020-03-22,1,2,0,0,0,3,16,0,0,0,4,1,0,3,16,0,0,0,4,1,2,0,4,1,1,0,0,2,0,0,8,1,70
2020-03-23,4,10,4,1,3,0,46,3,0,1,7,1,1,9,24,4,2,2,5,2,8,3,3,2,4,3,3,1,1,4,6,1,168
2020-03-24,0,9,2,0,0,1,62,6,1,1,1,0,1,8,46,3,3,3,5,1,16,5,7,0,7,5,12,1,1,3,9,1,220
2020-03-25,17,7,0,0,2,3,46,1,0,1,4,3,5,7,36,2,0,0,2,3,6,2,10,1,8,5,3,0,0,6,5,0,185
2020-03-26,4,12,2,0,0,4,71,4,0,0,9,4,4,7,46,3,2,0,1,3,16,1,10,1,9,1,5,0,0,5,0,0,224
2020-03-27,6,17,4,3,5,2,63,5,0,0,7,3,4,7,56,1,1,0,8,1,11,4,7,8,10,6,11,1,1,3,3,4,262
2020-03-28,5,7,4,0,1,2,62,5,0,0,4,3,0,2,39,1,3,1,2,1,14,2,7,1,7,4,2,3,2,1,5,1,191
2020-03-29,3,24,2,1,0,5,39,10,0,0,1,1,2,2,26,3,1,0,3,2,6,1,3,6,7,0,9,3,0,2,4,0,166
2020-03-30,4,30,14,0,2,7,82,20,1,4,5,2,7,8,59,0,3,0,5,2,18,1,22,3,12,1,10,4,1,6,10,2,345
2020-03-31,1,45,7,0,2,7,58,14,1,2,7,5,7,7,39,4,1,2,0,6,27,4,15,2,16,5,11,5,1,6,4,0,311
2020-04-01,0,69,6,0,4,11,70,23,2,1,1,3,5,3,70,5,3,0,0,2,20,4,24,0,14,1,8,9,5,10,9,0,382
2020-04-02,1,33,11,2,2,9,85,23,0,0,2,1,1,8,57,1,9,0,6,0,23,1,13,0,29,3,15,1,1,6,3,1,347
2020-04-03,2,43,16,1,5,6,99,28,0,0,5,1,3,10,67,6,1,1,2,3,15,4,14,0,10,2,21,9,0,8,10,0,392
2020-04-04,0,29,5,0,1,10,64,11,0,1,3,2,2,2,45,2,4,4,3,3,11,1,10,3,14,7,3,3,2,2,2,1,250
2020-04-05,2,21,5,3,1,17,59,4,0,0,4,3,2,2,57,2,3,2,1,2,11,0,11,2,15,2,9,4,6,3,5,1,259
2020-04-06,5,79,23,3,5,16,141,28,0,1,11,8,4,4,110,6,9,2,10,5,27,4,35,3,32,12,8,10,8,7,14,1,631
2020-04-07,2,44,24,0,2,14,144,9,0,0,6,11,3,6,86,6,7,2,8,0,14,5,24,5,25,15,13,7,7,13,13,0,515
2020-04-08,1,63,24,0,6,16,140,19,0,1,9,6,1,9,106,4,11,2,9,5,26,3,29,2,29,16,18,3,6,5,10,2,581
2020-04-09,0,61,22,2,3,16,150,7,0,1,2,7,0,5,88,9,8,2,1,1,17,3,11,4,13,7,11,5,1,13,11,2,483
2020-04-10,3,58,9,1,3,17,174,16,0,0,3,5,7,8,109,3,5,0,23,3,8,2,23,1,34,8,16,11,6,11,5,0,572
2020-04-11,1,35,7,5,1,20,127,9,1,1,7,5,3,5,90,2,2,3,8,2,15,3,20,3,25,6,20,6,8,14,8,2,464
2020-04-12,2,53,6,2,0,17,125,8,2,0,2,12,5,5,94,4,4,4,15,2,6,1,23,0,23,5,28,9,3,9,9,1,479
2020-04-13,9,86,15,3,6,32,293,16,0,0,3,17,8,10,185,13,9,4,20,5,25,9,23,1,52,20,30,15,7,15,22,0,953
2020-04-14,3,119,17,4,6,24,267,18,0,0,4,8,9,4,191,17,14,2,19,4,18,8,17,1,47,6,47,20,7,13,21,1,936
2020-04-15,12,110,5,4,6,30,256,18,1,3,13,5,6,11,214,9,11,2,8,7,29,3,21,2,52,16,39,17,5,33,31,6,985
2020-04-16,7,97,9,5,3,38,269,6,2,2,14,12,6,11,218,8,9,3,12,5,22,8,31,2,42,16,44,26,9,42,14,4,996
2020-04-17,17,112,6,3,10,33,354,13,3,0,30,13,10,14,182,17,13,4,9,8,31,7,34,8,45,15,58,36,6,37,15,2,1145
2020-04-18,14,54,3,6,4,34,213,9,1,2,12,9,6,7,179,7,9,3,6,6,24,3,47,1,35,14,49,17,3,21,10,7,815
2020-04-19,3,65,9,2,7,37,215,9,1,10,10,6,14,5,185,9,18,2,2,3,20,2,25,1,33,7,42,11,10,20,10,1,794
2020-04-20,17,121,7,5,11,58,506,9,1,4,15,17,20,11,298,28,34,1,13,6,32,5,47,1,65,9,74,24,9,36,28,9,1521
2020-04-21,14,121,12,7,10,55,485,24,1,4,10,6,13,17,308,13,22,4,18,5,24,2,44,4,47,15,85,19,12,47,21,2,1471
2020-04-22,11,104,5,7,11,58,466,14,1,3,13,13,16,25,284,13,35,4,17,9,27,7,36,3,56,23,67,30,8,33,22,2,1423
2020-04-23,21,124,9,8,15,71,418,11,3,2,9,19,20,20,309,19,31,6,6,8,32,9,49,5,68,10,63,34,12,53,34,8,1506
2020-04-24,11,107,13,4,13,67,571,16,3,2,13,25,20,32,361,24,37,4,7,17,45,11,25,6,72,20,71,28,15,52,37,5,1734
2020-04-25,1,71,5,7,9,51,312,6,1,5,11,13,23,10,248,27,15,3,6,8,44,1,32,8,55,9,46,41,20,48,24,4,1164
2020-04-26,7,78,7,9,12,39,283,5,0,8,8,18,20,9,271,20,35,6,8,12,25,2,31,3,40,17,41,34,13,32,21,3,1117
2020-04-27,18,124,10,9,20,74,550,25,2,5,25,26,25,23,436,32,51,11,20,10,37,3,45,15,88,35,60,30,14,70,45,4,1942
2020-04-28,32,114,4,7,10,70,619,20,0,3,18,28,28,14,413,30,32,15,28,18,46,10,44,18,52,29,60,42,24,74,49,10,1961
2020-04-29,18,121,4,9,19,78,655,14,0,9,14,32,29,22,397,23,52,7,22,12,52,12,40,9,57,26,49,37,10,78,32,9,1948
2020-04-30,27,95,14,8,14,83,609,20,3,2,16,19,31,26,344,26,43,13,29,12,49,6,34,11,58,40,84,19,16,69,60,4,1884
2020-05-01,4,101,2,7,18,72,408,15,1,6,14,15,26,15,348,24,36,7,27,15,43,8,32,14,60,37,57,32,9,69,26,7,1555
2020-05-02,3,90,8,13,9,64,381,5,0,7,10,41,23,29,291,16,29,15,22,11,43,12,72,14,49,33,52,30,16,68,30,7,1493
2020-05-03,5,96,6,14,14,37,350,5,2,7,12,30,27,16,315,27,50,15,9,15,39,5,31,9,34,26,50,25,7,65,32,2,1377
2020-05-04,50,143,7,21,31,76,792,26,3,4,33,55,38,31,557,43,60,17,40,24,48,10,36,27,82,69,87,44,26,101,53,8,2642
2020-05-05,13,149,12,11,28,101,648,32,4,3,23,38,30,23,425,21,54,23,61,34,37,11,27,16,61,62,72,37,16,112,45,5,2234
2020-05-06,17,128,10,19,35,84,741,35,1,5,31,52,41,24,409,36,58,17,27,26,52,9,41,34,86,46,97,49,23,112,33,11,2389
2020-05-07,24,128,11,13,35,85,782,23,1,11,37,43,39,51,512,30,50,15,25,25,67,15,41,13,69,48,104,47,17,125,36,9,2531
2020-05-08,11,143,9,16,36,73,855,20,2,11,44,41,37,24,494,44,52,6,32,23,57,26,28,26,68,54,83,34,20,113,39,9,2530
2020-05-09,0,77,6,15,23,63,451,10,3,2,27,41,27,28,332,45,30,7,28,15,52,26,21,12,53,53,54,30,20,82,20,4,1657
2020-05-10,5,72,10,9,21,65,419,15,1,1,23,34,28,22,326,25,37,9,20,30,38,19,23,19,44,30,66,22,17,73,26,3,1552
2020-05-11,12,133,7,27,33,83,879,30,2,6,44,52,52,52,691,69,73,20,43,57,79,47,49,31,73,80,118,41,36,143,45,11,3118
2020-05-12,41,129,16,23,47,72,881,31,6,12,53,66,58,40,658,59,60,18,36,66,75,34,38,23,89,76,89,52,38,129,52,3,3070
2020-05-13,16,131,13,19,68,89,925,16,4,10,41,55,47,30,664,100,64,15,68,69,93,29,27,26,83,115,115,43,42,137,63,13,3230
2020-05-14,24,120,8,15,67,89,851,33,12,13,52,79,67,56,621,77,48,19,38,66,109,41,40,35,105,89,128,37,21,178,60,19,3217
2020-05-15,25,150,5,18,82,83,1012,38,4,18,36,66,82,68,763,103,57,16,76,80,109,49,22,27,99,106,149,67,37,198,41,8,3694
2020-05-16,4,75,11,17,40,62,640,16,3,5,34,56,55,20,429,43,29,3,30,66,80,28,19,26,70,71,85,52,30,136,32,3,2270
2020-05-17,7,72,3,15,35,58,416,12,5,9,21,44,27,32,375,27,27,7,12,17,69,17,13,15,67,62,82,19,25,96,49,4,1739
2020-05-18,38,219,11,19,96,95,1134,65,7,18,54,133,81,60,794,67,55,18,48,121,132,46,48,34,152,172,124,65,43,171,55,6,4181
2020-05-19,19,155,15,22,65,81,1079,52,8,8,69,121,70,79,651,67,59,24,39,77,131,62,37,28,110,157,109,53,52,156,55,0,3710
2020-05-20,29,174,17,27,75,89,1095,43,9,23,58,148,78,64,740,102,55,18,61,80,121,42,46,40,127,157,164,65,41,189,59,16,4052
2020-05-21,27,238,8,20,104,112,1017,63,4,21,65,139,96,65,728,79,59,19,36,102,150,38,40,37,120,185,144,76,50,182,71,8,4103
2020-05-22,24,213,15,26,98,81,971,47,8,24,57,131,81,76,789,96,72,26,52,84,176,39,48,55,145,164,144,92,44,182,63,9,4132
2020-05-23,18,69,7,18,55,74,524,43,4,7,53,66,53,45,391,22,34,13,36,85,150,22,40,21,63,137,100,70,28,123,34,11,2416
2020-05-24,10,83,9,15,50,33,399,17,7,16,20,75,40,37,430,35,24,8,28,39,84,12,25,21,85,110,85,41,18,109,31,6,2002
2020-05-25,43,139,17,34,147,102,1092,60,8,27,120,130,92,99,880,119,81,19,84,107,173,53,49,49,179,242,176,123,57,218,56,13,4788
2020-05-26,36,139,14,37,132,75,954,55,7,23,97,115,72,132,746,102,82,30,120,83,162,39,32,39,195,277,208,114,38,201,56,11,4423
2020-05-27,37,132,21,30,128,72,1021,75,5,28,107,126,83,148,824,90,52,34,72,92,188,36,43,59,199,239,219,109,41,191,61,4,4566
2020-05-28,45,124,18,31,142,58,864,62,7,24,142,118,93,132,742,113,62,33,67,126,164,30,49,38,170,267,223,70,45,183,60,8,4310
2020-05-29,45,121,22,20,129,91,980,95,8,34,146,104,74,163,768,127,52,30,71,121,159,38,47,50,194,220,172,85,47,191,47,17,4468
2020-05-30,17,86,13,19,72,29,571,43,6,38,99,63,47,132,455,47,27,22,45,117,121,28,26,24,133,150,105,66,40,144,30,7,2822
2020-05-31,21,77,8,7,72,39,448,37,4,13,70,91,42,87,398,46,32,11,20,49,65,21,22,18,75,127,74,51,25,119,25,5,2199
2020-06-01,65,158,36,38,156,84,1118,110,11,39,184,159,95,238,925,169,67,24,85,155,201,39,45,51,230,247,206,140,65,240,57,16,5453
2020-06-02,54,175,17,24,146,87,948,83,12,41,175,115,80,195,870,126,56,43,96,164,178,50,63,54,186,246,160,98,45,189,48,13,4837
2020-06-03,61,168,16,19,120,63,1016,77,10,36,181,119,66,203,995,149,60,36,77,149,201,46,44,77,218,257,182,94,59,206,52,16,5073
2020-06-04,42,154,22,40,114,51,951,89,8,45,224,131,68,182,854,148,53,27,131,196,215,46,38,79,203,250,190,105,55,240,44,18,5013
2020-06-05,63,153,22,41,129,79,985,100,11,85,172,122,66,223,875,133,59,37,150,185,214,36,39,76,230,263,177,115,47,221,34,17,5159
2020-06-06,24,111,14,25,72,43,558,46,11,23,129,99,54,106,469,74,27,23,79,160,128,30,24,57,159,170,136,87,34,118,45,14,3149
2020-06-07,25,73,20,23,75,29,413,48,4,21,83,71,29,82,484,42,23,17,45,56,100,29,29,49,106,121,110,75,29,109,36,12,2468
2020-06-08,79,177,53,44,140,80,1057,152,13,71,198,152,87,269,1125,189,89,42,206,184,312,54,55,116,220,288,294,140,68,227,89,21,6291
2020-06-09,62,180,38,60,134,61,1017,135,15,70,234,121,110,254,966,197,55,42,156,160,248,45,51,93,252,302,296,132,58,230,70,29,5873
2020-06-10,63,153,48,72,111,73,974,145,12,50,192,147,79,260,968,154,53,33,227,177,252,38,58,84,231,271,318,176,66,231,72,38,5826
2020-06-11,73,151,28,75,100,68,900,140,16,62,211,154,74,233,777,173,60,45,206,156,302,32,55,78,240,278,277,134,53,216,84,20,5471
2020-06-12,53,116,25,36,111,51,936,152,13,55,216,156,99,199,796,199,60,60,251,156,325,42,51,60,304,276,362,237,54,202,66,25,5744
2020-06-13,35,89,22,29,68,27,427,66,11,21,128,86,46,128,423,79,40,26,194,158,189,36,33,31,101,182,180,144,26,145,42,19,3231
2020-06-14,23,94,21,21,66,26,360,46,8,19,85,100,45,109,441,49,31,21,103,74,150,23,52,23,92,152,108,121,31,140,59,9,2702
2020-06-15,81,185,51,102,95,59,945,180,15,73,348,144,82,240,943,203,66,48,292,197,443,59,92,114,202,301,314,253,63,361,102,37,6690
2020-06-16,64,190,30,84,97,83,1008,212,24,93,316,153,73,221,878,198,60,36,219,160,417,43,64,103,214,317,317,299,57,313,99,34,6476
2020-06-17,71,150,46,108,108,58,975,180,16,72,334,113,72,224,811,200,50,42,183,194,425,44,65,114,204,334,309,211,76,254,117,20,6180
2020-06-18,64,148,48,88,97,65,956,201,16,81,326,113,78,235,789,164,42,48,233,180,522,41,68,93,169,279,325,219,56,274,105,23,6146
2020-06-19,71,180,19,99,85,65,899,212,28,53,379,134,89,203,788,243,63,48,208,180,430,28,82,97,175,304,296,223,50,293,112,26,6162
2020-06-20,21,90,34,55,52,39,469,121,11,18,197,53,59,153,434,123,25,30,175,142,222,34,38,51,150,203,195,208,34,193,96,11,3736
2020-06-21,19,64,18,39,44,27,298,77,17,17,116,76,28,109,319,50,18,33,105,57,173,19,54,41,90,171,107,132,35,156,92,9,2610
2020-06-22,73,212,31,108,99,61,904,290,21,75,399,185,75,246,794,219,36,76,301,212,500,50,109,124,223,366,279,339,65,361,146,35,7014
2020-06-23,53,196,46,95,84,61,901,327,23,111,410,120,82,237,658,197,46,49,314,191,420,41,92,132,212,370,278,302,85,303,151,30,6617
2020-06-24,50,181,53,90,100,66,837,259,21,93,397,95,87,203,722,171,61,48,311,172,374,42,82,119,214,356,288,306,76,297,174,24,6369
2020-06-25,65,177,54,93,90,53,855,210,25,70,306,135,85,184,625,155,33,43,314,192,475,39,103,123,143,384,316,386,65,322,190,32,6342
2020-06-26,55,179,41,100,89,86,939,240,27,88,377,125,90,233,731,104,38,50,327,188,377,42,137,107,193,348,262,442,91,334,147,31,6618
2020-06-27,14,110,45,53,44,38,384,179,17,58,208,146,45,155,337,71,16,45,213,140,207,23,64,95,97,214,201,227,28,190,98,17,3779
2020-06-28,10,63,33,50,47,23,343,108,11,38,123,177,42,120,321,31,19,25,177,80,144,25,66,43,87,198,150,170,49,197,72,23,3065
2020-06-29,41,207,66,75,71,81,983,342,22,59,411,251,97,206,870,173,54,61,401,197,369,62,175,137,181,408,394,489,88,357,192,43,7563
2020-06-30,36,202,58,92,55,95,942,290,23,86,427,254,83,238,659,169,35,57,381,183,367,55,151,142,180,487,409,384,95,379,161,54,7229
2020-07-01,79,186,72,71,67,111,1028,317,35,116,417,261,110,218,857,120,42,63,433,227,354,49,128,149,200,445,408,434,81,401,172,45,7696
2020-07-02,77,194,71,95,54,97,888,254,18,63,427,300,93,226,693,122,42,53,353,219,292,63,155,155,156,471,420,373,105,358,164,49,7100
2020-07-03,72,167,63,61,63,82,953,332,34,70,431,272,78,226,714,129,37,60,354,211,286,33,130,171,166,466,344,391,93,387,196,49,7121
2020-07-04,11,73,56,33,42,38,395,203,13,25,226,192,41,149,373,43,15,43,241,172,194,26,76,78,102,225,152,214,30,185,71,23,3760
2020-07-05,9,100,49,38,23,43,253,149,15,21,139,158,33,106,293,33,12,18,201,61,143,36,60,58,91,276,140,193,50,208,74,20,3103
2020-07-06,95,216,89,80,41,92,1009,322,33,74,486,155,103,251,746,141,45,78,538,266,344,54,194,210,159,583,338,435,74,398,177,57,7883
2020-07-07,116,213,112,95,46,93,964,361,36,70,523,154,88,254,646,134,40,65,504,240,361,76,162,196,194,546,385,468,101,450,188,46,7927
2020-07-08,50,215,91,96,35,106,963,301,33,78,507,116,90,225,674,124,31,43,456,207,360,61,174,206,178,507,399,417,61,409,188,52,7453
2020-07-09,40,166,127,99,32,82,760,304,36,105,518,141,76,213,516,117,39,59,494,171,363,67,171,232,167,441,428,403,85,382,189,36,7059
2020-07-10,84,132,117,109,42,133,885,282,60,72,458,138,91,246,720,118,45,79,456,205,335,59,154,273,171,426,348,336,80,333,186,48,7221
2020-07-11,18,62,37,54,21,62,425,117,28,31,192,41,49,155,288,74,17,42,323,123,193,50,88,177,99,269,216,238,42,247,94,55,3927
2020-07-12,28,78,50,62,28,35,272,86,23,26,172,130,50,128,259,47,22,31,244,67,175,32,78,106,102,213,199,145,34,228,94,34,3278
2020-07-13,88,170,128,123,88,130,1083,396,58,105,575,169,122,307,764,149,56,75,587,179,444,85,194,352,196,614,442,435,74,480,214,45,8927
2020-07-14,75,180,120,77,106,102,938,367,59,89,564,166,109,320,647,145,43,53,589,210,439,60,188,355,187,493,458,510,103,455,197,59,8463
2020-07-15,91,185,133,118,51,116,1234,299,49,86,627,136,110,276,776,138,40,64,582,159,433,94,151,422,173,460,456,479,102,543,204,77,8864
2020-07-16,80,161,116,115,58,109,1150,307,72,85,559,171,117,274,651,128,44,66,563,186,414,73,149,366,137,394,410,485,100,417,212,97,8266
2020-07-17,78,145,90,100,42,101,1196,301,53,91,447,123,109,278,684,163,43,60,519,180,412,81,139,409,153,416,449,433,101,402,194,58,8050
2020-07-18,18,87,64,46,21,53,673,163,41,34,236,115,73,182,336,89,16,52,249,119,208,47,72,217,79,211,236,272,54,254,94,42,4453
2020-07-19,13,95,39,51,68,43,277,105,35,17,156,129,57,116,311,52,18,39,194,71,181,33,68,245,61,193,208,227,57,228,86,28,3501
2020-07-20,63,167,156,117,53,117,1167,307,63,102,502,241,183,336,854,191,51,79,572,201,497,81,181,420,148,418,451,448,99,519,262,87,9133
2020-07-21,74,142,109,107,36,111,1174,328,65,112,657,146,149,313,848,177,41,73,587,178,378,75,153,410,145,292,466,418,82,491,237,86,8660
2020-07-22,56,143,115,88,50,134,1218,305,79,94,566,150,131,278,790,168,39,85,517,179,389,76,175,387,130,292,397,399,86,433,259,96,8304
2020-07-23,68,124,142,86,28,131,1128,323,72,88,537,222,135,229,629,204,44,68,612,161,374,70,151,400,140,327,431,361,78,411,242,81,8097
2020-07-24,71,139,107,85,52,110,1081,346,66,67,513,199,131,223,654,187,37,81,547,169,349,58,154,401,131,358,432,400,94,442,258,87,8029
2020-07-25,22,81,66,36,18,54,568,186,37,22,233,101,76,132,307,82,21,31,274,123,247,47,65,246,74,188,214,248,39,217,98,58,4211
2020-07-26,20,64,39,24,26,54,272,112,41,39,187,92,73,137,226,70,22,31,135,58,125,40,60,145,79,191,202,98,42,246,93,27,3070
2020-07-27,69,151,175,71,48,105,1074,440,50,106,608,201,135,335,757,211,58,84,226,175,451,84,186,401,203,405,469,314,112,472,273,78,8527
2020-07-28,63,135,155,83,42,118,1084,388,70,101,642,184,134,245,653,241,51,60,364,151,345,86,146,409,158,442,397,323,90,380,334,128,8202
2020-07-29,57,126,116,71,33,117,1097,329,54,90,489,142,121,243,704,212,49,51,293,171,348,83,156,372,152,422,406,351,92,356,297,74,7674
2020-07-30,57,133,155,67,21,123,1067,337,63,78,548,197,137,228,640,183,57,54,355,139,360,78,122,300,140,435,341,271,85,327,374,104,7576
2020-07-31,70,155,100,61,40,89,951,252,44,86,439,169,133,202,617,184,51,64,341,147,259,79,127,349,106,358,349,211,75,317,234,80,6739
2020-08-01,31,72,66,38,23,73,554,230,26,39,171,130,77,147,321,85,21,38,126,80,152,49,66,206,79,174,181,187,44,175,124,49,3834
2020-08-02,19,65,41,32,18,42,274,73,33,18,151,65,81,113,240,55,18,28,108,39,110,33,71,126,54,132,125,84,21,173,82,39,2563
2020-08-03,72,151,161,53,30,108,880,340,76,109,539,186,151,269,757,205,44,68,373,144,317,96,137,369,169,384,279,322,79,364,210,95,7537
2020-08-04,65,148,146,66,39,125,1045,413,73,79,454,223,138,244,681,192,54,65,411,175,299,91,127,330,132,354,259,291,81,309,193,91,7393
2020-08-05,49,120,152,51,47,114,1033,357,65,87,383,222,162,279,722,199,33,60,381,147,308,73,111,351,120,389,278,246,76,297,182,85,7179
2020-08-06,42,113,123,47,35,101,928,364,69,104,364,162,136,251,583,203,50,50,355,115,331,105,107,341,127,326,288,268,63,259,170,98,6678
2020-08-07,41,113,109,27,18,114,1006,347,58,67,434,141,143,249,621,212,48,50,407,100,268,85,99,294,114,315,250,304,61,284,162,89,6630
2020-08-08,22,64,82,17,12,75,481,211,33,26,186,65,102,128,279,96,15,44,211,104,177,43,40,181,72,219,111,215,34,127,118,92,3682
2020-08-09,20,46,43,16,16,44,203,86,35,22,113,43,71,122,220,71,21,38,164,29,104,36,54,113,62,152,89,118,19,118,96,58,2442
2020-08-10,82,179,141,42,29,96,905,391,70,99,439,180,128,271,743,265,58,69,384,131,297,122,142,306,137,315,258,319,85,325,154,109,7271
2020-08-11,48,119,121,29,21,130,1049,387,71,125,446,134,139,238,584,263,57,56,371,111,294,92,92,258,119,276,256,336,58,249,180,172,6881
2020-08-12,67,113,126,38,19,98,1042,293,79,92,438,107,135,240,638,218,46,73,372,124,266,96,99,279,122,259,196,234,66,259,132,135,6501
2020-08-13,56,111,142,38,35,120,1019,309,72,101,454,151,152,242,618,169,48,69,402,135,249,70,75,257,127,245,216,235,73,249,149,68,6456
2020-08-14,54,100,130,14,21,115,1051,309,80,92,397,114,128,209,567,216,46,55,354,122,233,103,76,272,117,295,214,229,48,203,179,76,6219
2020-08-15,11,41,55,12,9,60,485,216,41,17,170,81,79,122,285,93,22,39,204,94,135,64,47,147,59,105,111,126,34,127,101,63,3255
2020-08-16,35,49,47,14,11,40,198,137,42,19,110,47,72,117,181,69,11,25,161,34,86,52,55,156,43,87,84,87,18,111,93,49,2340
2020-08-17,99,169,142,31,27,106,1020,291,73,119,368,140,112,312,676,291,57,55,429,123,256,100,108,323,138,287,200,244,75,276,175,81,6903
2020-08-18,80,128,138,44,22,103,1201,296,62,117,364,126,104,258,636,249,52,59,389,137,229,85,73,291,133,293,196,233,55,255,223,101,6732
2020-08-19,69,123,96,34,21,116,1145,317,75,72,443,141,123,228,507,230,32,50,422,94,215,121,66,282,141,232,251,165,44,218,138,88,6299
2020-08-20,64,137,36,25,29,114,985,301,83,104,425,106,140,237,525,248,52,35,397,94,192,93,77,265,124,264,167,192,76,174,175,95,6031
2020-08-21,56,99,78,62,36,105,1099,397,70,102,480,90,127,206,618,214,27,47,330,109,194,91,83,289,114,255,190,261,61,174,150,93,6307
2020-08-22,31,46,75,14,14,57,520,157,45,35,161,65,73,126,250,85,18,31,232,82,141,53,27,162,53,193,82,94,32,97,63,49,3163
2020-08-23,36,46,49,11,9,41,291,107,45,26,152,61,71,111,218,71,8,22,147,29,81,30,39,101,56,72,81,67,18,105,110,45,2356
2020-08-24,87,150,142,33,14,123,1104,317,78,135,517,124,163,272,638,301,52,86,429,153,266,136,120,319,117,264,148,186,88,257,185,95,7099
2020-08-25,76,110,99,30,23,141,1096,278,84,107,423,145,141,264,647,243,48,52,547,101,223,136,74,269,132,274,189,161,70,235,168,111,6697
2020-08-26,78,94,106,21,16,181,1465,334,70,118,472,101,120,285,543,238,43,55,540,101,213,140,85,275,141,291,203,187,67,228,139,87,7037
2020-08-27,49,114,121,27,11,128,1280,271,58,106,441,122,112,244,633,221,43,39,536,125,200,115,78,200,113,186,220,168,37,194,251,98,6541
2020-08-28,65,110,68,45,8,103,1307,256,61,112,435,132,103,245,584,234,41,31,484,71,206,106,65,210,108,218,207,181,50,175,221,95,6337
2020-08-29,44,40,52,8,5,67,748,127,34,21,207,42,72,91,238,91,17,21,244,76,88,84,30,113,66,132,110,78,21,111,49,40,3167
2020-08-30,33,38,64,6,7,47,265,54,31,27,157,41,65,117,175,84,9,25,163,23,99,61,48,116,62,54,81,91,20,102,48,32,2245
2020-08-31,99,194,129,33,18,137,1074,234,81,139,570,147,118,329,710,306,56,46,428,103,206,144,95,289,138,242,187,250,47,255,173,67,7044
2020-09-01,67,186,115,17,21,179,1456,237,53,142,472,158,100,254,633,307,34,61,490,126,194,161,79,245,144,244,208,252,38,250,141,91,7155
2020-09-02,67,158,134,28,12,146,1501,202,47,173,383,174,117,274,667,248,31,38,460,90,179,109,67,275,166,156,184,247,40,255,169,124,6921
2020-09-03,75,164,113,24,14,118,1382,186,37,108,401,154,90,273,586,267,32,48,471,127,176,111,51,219,88,130,119,245,48,202,165,76,6300
2020-09-04,45,125,104,17,15,94,1260,191,43,112,424,165,90,225,590,215,32,30,416,97,167,123,53,202,124,197,148,228,54,201,148,106,6041
2020-09-05,21,65,58,3,9,53,674,96,23,26,124,62,45,101,261,106,18,20,180,102,112,57,28,84,41,92,73,119,45,90,66,52,2906
2020-09-06,26,38,39,7,7,43,265,96,22,35,141,81,47,110,183,87,6,21,135,26,71,45,27,61,49,56,79,67,26,90,73,39,2098
2020-09-07,76,161,135,18,19,141,1009,196,52,126,416,230,105,343,694,259,35,58,441,136,178,112,83,234,118,174,155,225,39,199,185,76,6428
2020-09-08,54,127,126,12,15,123,1397,199,47,110,455,181,78,295,680,254,37,44,529,133,156,112,70,200,113,214,134,211,40,224,183,76,6629
2020-09-09,63,115,103,11,18,129,1342,163,31,108,391,162,113,278,573,239,34,39,450,151,177,107,48,184,97,207,82,184,27,212,149,78,6065
2020-09-10,56,109,83,10,26,109,1240,153,42,101,425,159,81,239,636,261,39,32,330,124,173,67,46,184,98,143,123,162,31,177,145,103,5707
2020-09-11,47,112,93,32,10,116,1215,137,48,117,409,184,103,226,583,183,21,28,341,82,126,91,30,204,113,129,124,167,27,185,135,88,5506
2020-09-12,18,39,65,11,9,59,750,73,21,19,132,88,48,95,252,77,6,12,177,166,73,36,18,66,54,75,93,77,19,81,68,38,2815
2020-09-13,15,33,28,7,4,22,243,70,27,23,121,77,50,126,193,73,13,29,126,35,51,42,15,69,38,63,86,41,19,85,58,36,1918
2020-09-14,71,117,99,14,18,126,1006,187,50,98,499,205,107,328,671,249,43,47,498,135,181,105,67,248,137,217,149,170,55,207,98,71,6273
2020-09-15,22,53,91,3,13,123,799,122,47,77,261,193,74,187,430,215,27,22,306,147,121,72,41,137,57,137,134,143,36,77,117,88,4372
2020-09-16,31,34,55,4,3,76,239,100,24,15,155,69,60,118,194,90,12,19,211,123,75,32,25,69,34,92,51,57,11,92,37,44,2251
2020-09-17,86,126,89,10,20,115,1309,198,45,108,309,190,93,331,688,235,39,50,540,158,174,86,57,188,118,177,158,155,56,240,159,109,6416
2020-09-18,54,104,114,41,14,159,1180,151,65,119,302,158,92,251,632,177,26,42,439,89,138,75,56,209,120,145,135,139,24,177,119,68,5614
2020-09-19,37,40,64,3,9,63,666,87,39,21,110,88,44,120,221,80,12,26,228,116,82,57,35,94,65,94,66,66,20,69,67,33,2822
2020-09-20,39,38,19,6,4,66,273,47,36,31,85,49,35,104,222,55,15,21,172,32,56,44,31,64,27,33,54,50,14,80,46,17,1865
2020-09-21,77,98,107,22,22,183,1000,212,58,151,291,191,122,339,680,235,42,45,535,169,183,118,77,227,129,167,125,192,38,273,140,75,6323
2020-09-22,70,105,84,6,14,153,1272,182,76,108,277,196,111,342,553,206,36,43,517,153,173,108,70,219,124,204,130,186,46,178,141,94,6177
2020-09-23,76,107,84,14,13,146,1234,175,57,109,208,209,85,307,625,217,29,34,468,142,126,117,55,202,110,190,144,121,48,174,139,69,5834
2020-09-24,76,79,82,15,16,119,1186,168,73,96,260,156,83,300,514,187,24,45,465,97,122,95,56,144,88,157,119,128,28,179,161,90,5408
2020-09-25,48,81,92,17,5,151,1171,164,45,109,219,125,82,295,608,189,32,20,413,111,148,89,64,167,82,151,109,152,21,141,107,79,5287
2020-09-26,26,28,57,9,9,57,766,125,37,15,83,64,52,94,226,75,10,15,213,110,83,51,33,80,35,76,48,66,6,58,31,33,2671
2020-09-27,25,29,19,5,12,58,318,64,25,22,76,63,25,104,166,59,2,14,153,44,65,40,26,57,42,44,69,53,9,72,55,25,1840
2020-09-28,98,113,94,16,17,195,1147,192,75,121,321,176,90,301,595,231,32,40,601,184,157,124,100,179,134,208,144,170,28,214,126,81,6304
2020-09-29,95,100,98,14,15,220,1243,244,70,112,246,194,85,358,541,213,41,39,482,161,98,111,54,130,110,212,120,164,38,132,111,113,5964
2020-09-30,88,129,79,13,11,201,1231,221,74,128,280,167,81,306,523,148,24,24,384,115,111,116,60,165,96,180,94,133,34,148,113,81,5558
2020-10-01,54,109,84,14,16,204,1192,196,54,114,274,115,77,255,530,161,48,37,387,132,128,128,61,129,91,179,59,113,22,135,107,88,5293
2020-10-02,64,84,71,20,12,244,1069,200,55,119,304,117,76,234,427,143,31,24,364,107,147,110,59,172,95,175,69,84,22,120,95,93,5006
2020-10-03,17,49,43,0,5,109,560,127,35,16,59,57,50,115,198,87,13,10,233,105,48,59,20,79,42,58,49,69,14,65,28,39,2458
2020-10-04,41,31,27,5,3,85,241,106,21,23,62,55,47,84,155,40,11,16,154,60,55,45,19,68,24,52,46,33,5,53,44,58,1769
2020-10-05,94,142,100,18,14,355,1047,258,57,162,207,176,83,270,435,166,65,35,581,131,147,123,85,208,110,218,82,147,16,188,130,84,5934
2020-10-06,86,138,82,7,11,352,1233,322,64,146,213,133,89,274,404,177,48,20,551,156,126,113,57,216,130,185,107,129,22,160,102,103,5956
2020-10-07,71,131,69,13,8,352,1247,246,56,203,269,151,106,300,435,148,45,25,578,148,137,118,20,210,91,141,60,126,20,130,26,95,5775
2020-10-08,80,91,89,7,9,408,1202,236,72,180,274,126,79,228,391,132,45,25,478,125,106,131,49,191,100,131,90,102,24,135,74,103,5513
2020-10-09,67,75,94,19,8,448,1210,250,75,175,278,102,68,243,370,119,25,34,503,132,127,162,59,233,98,108,110,98,26,146,100,104,5666
2020-10-10,20,44,49,2,8,328,557,159,32,29,92,51,39,96,212,73,21,15,290,135,71,82,27,157,53,72,60,62,18,48,46,93,3041
2020-10-11,55,37,22,1,4,182,311,107,28,36,86,38,48,120,155,49,15,17,202,57,45,75,26,92,47,55,53,36,11,61,53,94,2218
2020-10-12,107,132,111,13,18,432,1257,319,49,287,313,134,99,320,472,217,54,29,700,124,171,200,49,239,131,143,106,124,31,177,139,130,6827
2020-10-13,93,135,94,13,8,688,1382,385,56,213,301,108,88,303,470,185,37,32,605,149,126,208,58,303,124,191,86,152,44,144,175,179,7135
2020-10-14,100,135,76,13,8,756,1230,276,50,199,282,137,105,314,422,136,49,22,503,138,138,192,50,228,113,174,96,106,31,146,109,142,6476
2020-10-15,90,127,96,12,17,633,1350,300,46,261,294,113,119,283,439,144,30,27,510,113,158,220,46,219,95,166,68,98,14,127,112,139,6466
2020-10-16,82,91,117,22,6,642,1528,280,74,224,309,79,98,269,441,158,45,26,534,131,144,204,46,204,107,138,84,107,30,107,133,155,6615
2020-10-17,33,50,57,6,3,455,680,176,36,61,109,27,54,142,219,59,14,16,296,77,79,112,19,102,63,70,42,56,17,50,76,98,3354
2020-10-18,48,51,23,2,1,261,338,164,27,53,105,26,68,123,183,45,12,12,190,38,56,91,12,103,35,76,40,41,15,45,34,51,2369
2020-10-19,148,155,114,18,16,782,1876,407,43,332,391,117,131,404,519,183,31,35,550,127,190,295,45,280,116,211,71,144,26,183,132,161,8233
2020-10-20,94,144,92,10,4,916,1993,432,49,326,452,94,115,348,552,216,39,32,515,112,157,233,55,323,119,159,73,218,35,112,196,179,8394
2020-10-21,114,147,102,5,7,641,1753,414,39,352,428,88,118,324,437,144,39,21,560,133,143,179,31,243,104,166,73,154,27,83,163,188,7420
2020-10-22,120,135,81,16,10,641,1784,430,36,338,384,94,103,275,509,146,35,15,431,112,147,226,38,218,120,184,77,128,29,120,142,172,7296
2020-10-23,122,153,97,10,6,574,1894,409,36,300,409,60,110,232,510,109,34,10,503,102,173,200,30,238,127,160,79,138,32,101,109,168,7235
2020-10-24,56,46,58,2,3,334,789,233,21,96,159,30,81,124,180,54,18,8,267,94,96,142,23,138,44,50,36,83,19,46,53,120,3503
2020-10-25,42,42,21,4,5,281,330,169,16,85,125,36,64,100,186,48,8,12,182,65,70,108,19,95,47,52,36,73,10,33,43,67,2474
2020-10-26,197,165,112,31,8,721,1990,391,39,382,546,90,147,369,560,164,43,23,530,113,166,269,37,214,130,231,84,184,34,152,104,185,8411
2020-10-27,185,125,95,14,9,627,1928,383,52,431,569,61,109,299,551,162,41,31,486,141,152,236,43,253,124,144,114,174,27,119,35,229,7949
2020-10-28,160,120,87,18,5,496,1953,341,38,343,440,47,120,308,521,148,24,21,444,82,145,210,53,206,108,130,111,100,28,117,86,175,7185
2020-10-29,173,88,85,7,8,484,1708,372,35,312,423,71,136,272,542,141,25,12,466,102,169,217,24,230,71,118,78,98,24,95,100,187,6873
2020-10-30,160,95,66,19,3,509,1545,319,34,278,401,59,105,240,513,121,20,14,441,98,149,196,46,161,77,150,21,105,22,89,71,157,6284
2020-10-31,61,51,35,1,1,253,703,173,19,74,141,30,50,157,205,45,13,8,222,56,73,164,23,114,33,43,38,51,15,31,43,93,3019
2020-11-01,50,46,25,0,1,261,313,103,18,61,137,19,58,95,185,38,12,9,165,33,46,106,13,80,30,41,33,38,26,41,30,59,2172
2020-11-02,198,148,86,9,4,386,673,324,30,261,255,30,101,290,356,101,43,22,490,49,115,267,35,156,82,139,42,109,33,107,64,166,5171
2020-11-03,207,131,69,5,4,481,2171,411,29,343,486,87,133,324,602,144,46,25,555,149,180,250,41,196,84,220,103,135,36,119,87,234,8087
2020-11-04,186,149,82,20,3,502,2006,355,34,385,477,56,118,284,524,164,34,17,541,117,145,281,32,226,107,178,104,116,29,81,73,211,7637
2020-11-05,164,99,72,7,4,463,1966,346,30,308,500,68,135,276,484,136,42,25,593,89,141,299,25,236,117,226,113,129,23,123,69,249,7557
2020-11-06,177,118,58,5,4,370,1775,362,24,266,476,48,93,268,510,108,38,17,780,106,159,283,31,189,73,151,82,111,40,91,81,204,7098
2020-11-07,50,65,29,6,2,185,832,206,19,78,190,31,61,95,265,46,20,14,415,73,92,174,16,135,39,69,50,62,20,46,39,121,3545
2020-11-08,69,53,25,5,2,162,358,145,13,76,179,22,78,92,238,52,13,11,288,29,50,200,17,59,34,85,30,69,19,35,44,100,2652
2020-11-09,268,154,114,12,7,402,2420,411,30,351,551,80,147,333,667,155,59,18,708,158,187,297,30,311,120,227,138,173,39,145,70,192,8974
2020-11-10,219,108,85,8,10,402,2343,497,32,319,602,62,156,312,688,166,70,28,726,141,158,329,36,281,101,226,109,150,44,142,120,269,8939
2020-11-11,194,129,77,12,16,374,2144,455,29,292,602,71,121,321,689,130,50,18,617,123,202,365,27,248,107,253,101,121,35,108,78,249,8358
2020-11-12,197,99,93,12,19,460,2033,394,10,314,567,68,127,282,590,142,41,14,619,119,197,322,24,307,83,223,124,111,42,111,152,255,8151
2020-11-13,157,98,65,19,4,338,2033,346,12,283,588,45,118,296,555,133,45,19,629,105,162,265,35,228,73,192,129,129,45,90,71,274,7581
2020-11-14,56,71,31,3,3,189,935,216,3,140,290,25,65,133,304,47,17,8,371,77,109,185,15,133,45,79,58,70,35,42,47,106,3908
2020-11-15,49,61,21,6,1,117,442,124,7,47,146,16,74,112,222,33,16,5,289,75,73,225,12,94,25,62,33,57,15,45,38,99,2641
2020-11-16,81,75,31,5,5,192,459,188,6,133,244,34,101,184,278,68,13,7,270,76,81,134,13,111,33,126,40,86,33,46,34,126,3313
2020-11-17,280,195,85,12,16,388,2521,390,30,391,770,68,169,357,781,185,56,20,602,126,241,328,31,284,118,292,138,225,71,143,87,225,9625
2020-11-18,244,235,92,22,16,310,2174,382,35,324,684,64,128,379,718,145,52,17,515,111,186,348,44,270,99,254,114,222,68,92,115,260,8719
2020-11-19,216,222,91,4,12,303,2004,312,24,285,727,49,125,340,613,145,50,17,564,101,220,296,21,276,96,262,123,169,40,103,103,302,8215
2020-11-20,192,212,72,19,13,336,2158,325,14,299,744,62,135,281,701,102,38,13,579,74,166,364,44,254,105,280,131,172,44,85,120,261,8395
2020-11-21,45,129,39,2,1,148,1245,179,15,71,300,31,61,155,342,56,21,5,291,69,113,211,14,111,45,111,91,82,22,41,79,95,4220
2020-11-22,59,107,30,6,5,93,472,118,6,77,187,22,84,133,270,50,6,19,185,52,71,202,13,72,20,92,60,73,22,33,61,85,2785
2020-11-23,285,348,102,25,15,239,2878,309,26,369,838,113,188,448,878,139,70,24,547,118,217,490,57,252,90,403,140,172,31,151,160,239,10361
2020-11-24,238,318,102,12,7,255,2998,342,23,351,940,87,156,357,879,179,57,33,493,108,228,439,55,331,106,351,144,173,30,114,104,277,10287
2020-11-25,193,328,87,27,6,225,2768,314,20,232,809,63,184,413,848,151,55,18,527,106,215,389,54,264,64,355,186,147,26,97,132,283,9586
2020-11-26,168,319,96,22,11,225,2849,295,24,301,870,66,187,385,832,158,58,20,533,95,210,432,50,237,78,319,128,140,25,119,113,235,9600
2020-11-27,145,277,75,13,9,170,3117,324,21,286,845,111,161,332,908,144,35,21,494,74,233,377,63,229,89,284,162,161,37,124,66,231,9618
2020-11-28,46,121,46,3,4,91,1669,129,14,42,351,26,66,199,455,72,29,12,316,80,160,244,16,136,36,127,90,80,22,53,53,108,4896
2020-11-29,55,113,32,1,4,76,608,123,15,77,244,24,67,121,300,49,31,8,160,30,73,229,15,77,30,104,98,65,16,49,35,84,3013
2020-11-30,226,337,115,19,15,178,3781,290,24,268,792,78,178,399,1006,177,79,22,540,164,242,415,56,253,98,340,187,154,48,165,95,193,10934
2020-12-01,203,397,124,15,21,172,4083,342,22,247,952,83,156,421,1109,191,89,21,500,136,270,406,64,255,103,386,174,132,46,94,102,317,11633
2020-12-02,158,304,108,17,17,127,4402,280,26,233,837,70,182,432,1151,193,65,29,423,156,284,449,59,216,76,373,199,129,39,110,114,208,11466
2020-12-03,137,292,90,14,19,115,4460,325,26,198,813,70,206,378,1186,136,70,29,412,145,262,416,59,207,80,335,192,148,32,78,110,179,11219
2020-12-04,115,267,100,19,23,101,4654,299,16,169,713,54,174,319,1250,147,42,16,376,130,249,352,43,198,95,305,165,125,40,91,78,190,10915
2020-12-05,40,163,46,6,7,60,2812,120,16,20,265,48,84,150,633,48,28,12,226,90,174,263,21,107,26,187,103,55,32,39,41,76,5998
2020-12-06,47,114,22,2,4,43,787,87,11,27,204,39,110,134,390,51,20,11,125,54,84,228,19,69,13,180,94,53,12,44,42,58,3178
2020-12-07,148,355,111,18,21,107,5355,270,25,190,871,110,195,397,1593,189,68,25,507,164,284,394,59,189,96,473,256,157,89,119,88,187,13110
2020-12-08,136,379,119,12,22,135,5094,331,22,193,918,87,215,357,1601,176,98,14,605,129,241,407,44,270,79,388,291,169,49,129,100,197,13007
2020-12-09,114,332,100,21,21,134,5081,277,25,150,862,80,194,381,1428,147,85,27,584,150,318,385,47,192,64,436,323,142,47,113,87,155,12502
2020-12-10,101,322,140,5,27,104,5314,302,21,146,931,94,223,351,1414,171,95,20,582,124,267,443,36,184,80,340,279,165,67,135,83,190,12756
2020-12-11,95,318,116,27,26,76,5173,248,17,144,687,82,178,364,1439,174,67,23,614,190,292,519,70,219,95,385,258,175,64,102,100,162,12499
2020-12-12,26,159,75,9,4,60,2925,148,16,32,351,56,122,234,831,74,30,11,377,113,189,218,23,95,38,213,173,99,34,60,48,59,6902
2020-12-13,27,142,27,3,15,41,715,92,16,30,212,52,102,143,395,51,22,8,264,34,106,214,22,69,30,138,174,87,25,49,50,67,3422
2020-12-14,118,361,153,36,34,102,5455,329,24,183,993,149,239,447,1726,233,86,32,726,185,314,471,68,250,118,455,278,219,108,172,174,143,14381
2020-12-15,117,351,152,18,20,100,5492,337,8,170,879,112,248,372,1714,237,86,28,697,169,325,385,82,273,101,453,273,240,109,167,136,195,14046
2020-12-16,94,333,129,31,29,122,5220,337,30,144,750,103,197,438,1629,198,74,14,625,171,385,442,56,210,96,418,293,239,104,165,120,135,13331
2020-12-17,105,314,138,16,30,104,5200,345,24,141,692,115,210,408,1526,195,78,18,552,184,306,407,60,226,70,389,262,192,75,129,96,193,12800
2020-12-18,100,240,120,24,22,81,5631,239,16,132,634,93,212,333,1515,174,85,28,474,165,324,332,53,194,90,360,262,221,102,113,90,92,12551
2020-12-19,32,123,67,2,13,43,2982,151,18,20,307,23,97,155,698,76,40,11,283,144,220,174,28,102,44,242,161,119,49,63,46,83,6616
2020-12-20,29,142,26,6,10,61,823,128,15,20,293,32,112,189,431,65,40,11,232,73,166,161,24,86,32,165,151,83,47,54,31,61,3799
2020-12-21,132,407,134,21,34,72,5581,305,30,138,817,107,224,500,1687,253,109,32,709,230,436,434,83,292,120,475,310,267,117,179,100,141,14476
2020-12-22,114,318,141,9,26,107,5426,351,27,151,833,90,206,399,1684,228,121,20,690,203,394,333,82,237,90,438,322,260,109,160,117,201,13887
2020-12-23,81,255,126,28,28,103,5243,310,29,121,647,90,174,353,1569,183,121,20,564,251,351,481,45,251,78,388,301,223,96,154,70,89,12823
2020-12-24,47,174,107,21,16,59,4534,211,28,63,436,85,153,333,1395,152,76,21,489,175,343,305,40,149,68,225,269,164,71,107,81,83,10480
2020-12-25,12,93,17,5,5,41,615,55,12,8,156,20,84,167,438,79,31,11,186,58,114,174,15,41,8,100,25,49,31,42,30,13,2735
2020-12-26,36,142,92,11,19,60,1970,147,26,24,303,44,93,240,602,75,61,18,347,197,237,192,57,111,35,276,187,117,65,70,45,34,5933
2020-12-27,40,135,43,3,12,33,1053,150,24,23,292,31,115,253,504,90,69,19,287,83,198,213,35,105,41,205,49,98,37,76,42,39,4397
2020-12-28,127,372,185,32,17,100,6136,328,38,142,899,197,229,577,1955,332,180,47,808,279,488,545,63,220,108,563,370,245,125,261,108,148,16224
2020-12-29,124,327,211,13,24,93,6219,358,41,174,887,152,230,552,1821,304,202,36,829,250,459,517,84,267,127,505,348,308,139,232,107,159,16099
2020-12-30,103,237,214,18,28,75,5657,315,31,133,831,116,253,507,1700,293,243,37,747,262,484,418,90,245,107,484,282,267,134,193,98,126,14728
2020-12-31,57,193,149,16,18,49,4926,275,36,83,601,114,175,374,1363,242,170,29,716,182,350,347,59,178,81,342,248,216,119,162,111,102,12083
2021-01-01,27,118,35,6,10,52,715,76,19,9,187,40,112,203,486,90,54,17,171,54,177,205,24,81,32,126,37,90,42,58,36,17,3406
2021-01-02,54,126,119,5,19,56,1896,182,16,22,306,46,128,317,634,146,217,26,540,246,341,236,49,158,85,248,233,137,96,128,71,57,6940
2021-01-03,41,132,50,5,17,53,1144,176,50,17,304,60,157,289,561,118,224,25,409,110,236,241,50,128,55,193,63,105,66,118,45,31,5273
2021-01-04,131,372,211,40,35,123,6833,432,38,164,885,183,344,707,1970,339,235,79,1189,350,567,652,100,327,157,518,390,346,173,330,137,187,18544
2021-01-05,142,393,280,29,41,113,6754,400,41,180,1069,188,330,752,1951,394,243,59,1175,347,598,479,144,390,156,514,395,313,201,334,183,244,18832
2021-01-06,135,332,270,32,45,132,6679,402,44,150,1086,188,287,857,1913,374,286,57,933,341,659,628,106,393,169,392,347,392,153,314,147,181,18424
2021-01-07,157,346,274,22,58,135,6816,487,69,181,959,187,397,770,1982,298,303,59,1057,332,572,666,119,385,177,402,369,391,164,277,149,216,18776
2021-01-08,149,295,259,40,49,113,6737,445,73,150,989,204,310,923,1913,282,323,69,1028,321,681,608,117,445,185,360,388,397,138,299,150,173,18613
2021-01-09,60,119,109,10,23,56,3942,163,38,28,426,100,190,384,819,109,261,51,525,245,478,289,59,243,102,191,212,194,108,164,69,79,9846
2021-01-10,45,104,63,6,26,47,1353,130,44,31,386,88,152,354,576,89,76,41,338,120,346,237,44,178,61,180,62,152,53,180,56,52,5670
2021-01-11,237,368,255,31,69,121,7464,368,77,166,1264,361,337,1092,2270,344,374,97,1009,390,694,694,114,505,214,496,457,319,217,335,119,197,21055
2021-01-12,187,290,252,24,55,131,6930,452,60,221,1227,324,304,841,2065,404,307,92,1006,263,732,660,176,437,211,331,346,395,178,316,136,160,19513
2021-01-13,156,292,218,44,46,125,6876,368,63,150,1169,234,334,882,2123,363,255,97,882,296,611,635,113,442,192,315,326,358,163,282,103,151,18664
2021-01-14,140,260,228,29,42,92,6636,378,48,165,1222,258,323,702,2095,279,418,88,973,250,631,665,95,432,163,332,330,318,163,355,117,170,18397
2021-01-15,164,250,186,31,42,90,6336,398,52,130,1175,248,259,753,1940,247,382,72,1015,297,585,518,99,428,201,269,315,303,156,321,147,125,17534
2021-01-16,48,91,113,11,15,60,3748,146,41,34,441,93,149,336,847,121,300,63,501,191,443,317,41,270,100,186,180,185,80,198,45,57,9451
2021-01-17,51,82,68,9,29,44,1145,170,32,26,315,88,119,313,621,137,62,44,362,98,264,262,39,225,74,150,45,120,65,175,54,43,5331
2021-01-18,210,313,236,29,52,161,6655,422,62,145,1130,298,270,860,2198,360,387,86,1097,280,697,822,92,523,223,473,445,375,186,350,98,158,19693
2021-01-19,226,210,267,29,34,132,6468,460,74,158,1102,313,269,759,2132,327,423,108,1140,356,646,674,115,563,183,300,360,380,154,349,153,190,19054
2021-01-20,192,212,231,33,42,122,5774,381,88,139,1026,294,258,755,2011,299,547,112,919,261,534,657,100,566,186,286,316,325,184,309,174,158,17491
2021-01-21,187,218,220,29,35,116,5567,403,74,131,1010,266,262,694,1984,274,450,111,863,248,574,661,119,510,187,320,335,313,141,329,127,180,16938
2021-01-22,161,206,262,37,35,95,5592,368,67,127,850,204,264,604,1900,270,466,97,928,229,566,637,129,485,205,282,353,350,137,328,126,142,16502
2021-01-23,70,87,116,16,10,56,3111,140,28,33,437,87,127,306,859,124,467,59,454,138,390,282,110,260,79,167,240,158,77,177,66,73,8804
2021-01-24,53,66,54,12,16,40,1090,123,37,26,292,75,161,293,486,110,52,36,287,114,269,199,37,171,82,93,74,116,62,137,58,31,4752
2021-01-25,207,188,287,43,44,140,5866,371,61,160,993,316,292,773,2089,345,712,101,962,274,582,637,130,572,212,336,419,357,122,331,142,154,18218
2021-01-26,163,240,245,33,50,118,5888,434,41,145,954,226,232,647,1800,295,591,91,924,273,571,637,119,561,184,211,308,315,120,319,149,192,17076
2021-01-27,124,175,211,34,45,108,5077,321,64,115,739,233,279,616,1674,208,491,98,773,251,518,559,87,485,177,216,274,256,146,260,148,170,14932
2021-01-28,132,181,188,23,46,102,4679,354,53,109,850,264,189,529,1528,230,486,79,749,226,443,533,118,408,151,206,248,271,124,248,153,153,14053
2021-01-29,102,119,167,48,56,68,4292,283,61,89,780,226,198,462,1426,174,396,45,563,175,431,382,110,396,140,234,219,187,95,233,113,110,12380
2021-01-30,33,59,65,7,31,52,2410,115,23,11,346,70,120,205,685,83,440,40,388,139,331,226,63,205,72,112,129,108,54,107,36,51,6816
2021-01-31,33,50,42,11,26,39,805,78,15,29,300,88,108,177,453,82,38,28,189,82,218,201,26,110,58,79,48,87,42,109,35,28,3714
2021-02-01,55,60,62,7,24,44,1161,95,31,11,368,76,81,258,436,114,44,23,246,138,245,180,37,186,50,109,177,103,68,129,44,64,4726
2021-02-02,144,168,238,26,35,119,4520,284,65,157,826,268,173,443,1579,209,520,42,568,218,443,432,96,397,135,259,245,187,124,258,163,138,13479
2021-02-03,109,141,217,28,36,96,3949,221,53,120,759,167,154,477,1270,181,435,61,512,218,427,448,77,338,137,204,260,203,113,219,118,147,11895
2021-02-04,99,125,190,17,10,80,3686,217,46,86,740,228,134,349,1131,154,447,39,490,203,371,415,76,298,114,182,220,162,123,189,91,141,10853
2021-02-05,96,102,162,17,25,82,3549,218,59,70,776,178,123,303,1055,132,426,40,413,203,360,367,73,233,116,190,224,163,130,150,73,115,10223
2021-02-06,32,42,70,4,8,46,1935,59,28,17,356,69,77,147,526,82,269,29,225,143,253,212,23,146,59,86,120,63,58,87,35,40,5346
2021-02-07,35,46,45,2,8,34,547,48,19,19,272,44,71,131,329,42,44,20,116,63,152,133,17,81,56,49,26,73,72,87,55,32,2768
2021-02-08,115,146,193,25,22,119,4000,249,61,123,761,178,155,350,1303,137,416,41,524,231,450,386,68,332,173,166,246,181,99,204,128,109,11691
2021-02-09,88,100,152,15,27,91,3124,210,50,89,652,135,120,316,1066,115,180,42,431,175,322,366,62,207,119,163,231,162,81,204,117,128,9340
2021-02-10,82,93,97,27,24,75,3000,158,34,90,513,126,91,305,989,90,238,37,393,216,303,290,43,176,98,187,200,125,71,147,120,106,8544
2021-02-11,90,107,127,12,32,87,2683,150,27,62,448,152,109,302,917,91,105,28,286,163,350,280,41,193,110,145,187,143,72,150,98,101,7848
2021-02-12,54,85,83,19,26,84,2953,126,25,49,459,118,80,278,928,89,79,34,282,170,309,265,32,175,127,111,152,124,95,144,96,83,7734
2021-02-13,18,32,51,4,10,34,1731,43,25,21,181,32,62,90,424,54,56,19,105,113,167,142,39,120,43,67,75,40,33,83,50,45,4009
2021-02-14,21,33,33,7,5,25,518,34,15,24,154,40,54,95,237,46,33,13,63,57,159,115,20,82,43,37,32,26,36,61,43,13,2174
2021-02-15,93,98,106,16,15,62,2994,89,38,81,485,140,92,341,1062,97,242,25,171,189,370,354,65,166,136,128,205,44,72,153,111,115,8355
2021-02-16,76,61,87,10,20,112,2832,138,27,44,426,134,84,247,1017,88,287,24,219,172,301,308,68,139,119,110,174,72,59,144,87,126,7812
2021-02-17,73,51,100,13,16,88,2504,104,26,70,408,98,108,244,875,88,187,27,222,165,259,316,48,158,88,103,161,76,56,134,108,75,7049
2021-02-18,84,58,116,20,28,88,2438,106,24,52,453,97,92,244,907,94,105,26,197,147,283,320,42,167,96,117,143,73,41,134,112,89,6993
2021-02-19,62,48,77,14,15,94,2444,141,29,44,426,89,84,210,844,75,207,31,225,140,269,305,55,151,81,106,150,72,53,107,96,62,6806
2021-02-20,28,32,39,12,7,45,1375,48,13,12,155,40,48,75,391,48,34,11,110,109,183,187,30,71,32,42,66,40,26,54,44,32,3439
2021-02-21,20,23,12,9,7,39,495,38,13,25,115,36,45,77,258,39,34,6,98,60,148,119,18,58,37,46,36,31,20,43,35,17,2057
2021-02-22,98,80,127,31,20,158,3098,122,39,92,506,130,108,285,1061,101,215,26,279,217,331,354,65,168,109,127,208,101,72,148,123,63,8662
2021-02-23,74,61,106,12,16,97,2761,116,18,64,351,101,110,270,885,83,191,33,269,160,344,398,41,157,90,95,146,93,45,125,139,82,7533
2021-02-24,80,72,80,22,19,80,2461,105,27,57,323,97,105,258,830,71,210,32,236,219,262,315,28,148,77,91,144,108,46,105,103,77,6888
2021-02-25,70,64,87,14,13,112,2438,98,19,46,368,102,98,226,776,76,204,36,245,153,301,345,42,148,85,79,158,92,52,100,91,62,6800
2021-02-26,70,64,69,21,15,114,2568,99,26,49,356,101,89,195,828,84,216,18,213,205,295,289,38,128,87,85,120,83,60,105,147,60,6897
2021-02-27,15,24,33,4,3,37,1540,36,12,12,170,37,51,66,342,55,57,10,94,102,203,161,16,87,40,47,64,38,22,60,53,24,3515
2021-02-28,16,24,23,8,4,42,541,34,9,12,111,41,54,79,283,48,56,7,66,53,147,150,22,35,29,42,22,32,18,56,44,14,2122
2021-03-01,95,79,93,25,24,148,3016,111,17,82,393,126,125,268,1109,83,353,25,256,233,358,436,55,214,91,106,219,108,55,153,140,93,8689
2021-03-02,76,77,70,19,17,83,2648,90,17,60,306,116,103,185,869,93,157,24,208,199,257,297,46,176,76,110,140,100,53,93,127,78,6970
2021-03-03,63,71,62,19,28,122,2501,103,22,55,264,108,100,199,843,73,109,12,188,149,278,318,33,148,72,92,157,95,51,98,110,55,6598
2021-03-04,68,68,86,22,14,96,2353,91,18,61,244,104,72,168,712,80,225,16,181,148,280,308,42,123,67,116,147,79,41,113,125,81,6349
2021-03-05,54,61,61,31,18,103,2230,75,12,44,278,94,88,151,743,81,144,25,179,118,230,296,34,115,79,118,183,69,48,110,100,57,6029
2021-03-06,18,20,28,8,4,52,1278,35,13,17,122,45,42,53,290,29,61,12,90,90,163,122,19,100,47,69,66,47,24,52,38,19,3073
2021-03-07,19,24,19,6,10,38,506,27,10,17,81,40,45,64,248,34,74,9,64,66,117,124,14,47,35,54,27,31,11,53,40,49,2003
2021-03-08,89,67,82,29,24,153,2483,77,28,78,287,123,98,178,874,91,293,24,193,155,297,334,37,151,96,112,177,110,56,119,106,78,7099
2021-03-09,45,58,65,18,15,117,2126,71,24,59,208,104,64,157,765,70,246,19,168,179,260,286,31,106,74,144,161,80,28,94,94,56,5992
2021-03-10,66,42,51,18,44,124,1786,74,15,50,233,71,79,128,659,60,221,22,163,149,218,332,39,127,79,129,158,82,49,99,106,72,5545
2021-03-11,64,50,70,14,24,108,1886,47,10,38,247,82,74,127,651,47,170,20,187,148,236,273,34,93,69,112,140,60,69,104,97,40,5391
2021-03-12,51,27,54,13,15,91,1912,54,19,61,225,86,64,119,645,66,204,18,140,98,261,233,40,124,55,123,135,84,60,76,90,29,5272
2021-03-13,10,11,28,9,10,54,1055,20,7,8,122,37,33,53,272,24,46,10,61,52,170,137,24,87,39,52,69,32,41,51,42,15,2681
2021-03-14,11,10,21,3,10,43,458,16,10,9,59,27,19,39,162,23,40,15,48,44,105,111,17,36,22,41,28,25,30,45,28,13,1568
2021-03-15,18,17,18,8,8,46,551,23,14,24,114,43,42,54,184,48,71,4,71,90,138,122,35,71,43,46,49,36,41,68,33,23,2153
2021-03-16,98,49,101,22,22,148,2405,58,23,86,327,84,89,186,882,82,166,23,192,112,267,283,62,124,95,151,170,91,86,124,112,72,6792
2021-03-17,46,33,67,27,14,115,1965,64,16,65,224,95,69,120,675,73,128,18,137,104,213,235,35,116,85,96,128,68,42,100,108,43,5324
2021-03-18,46,47,73,11,20,123,1848,43,16,59,214,94,72,124,613,72,126,14,102,117,235,199,43,95,81,98,145,60,46,64,94,59,5053
2021-03-19,45,21,105,12,19,123,1626,35,22,47,200,85,83,131,601,78,127,13,100,156,209,210,37,96,79,94,131,67,49,74,85,31,4791
2021-03-20,74,18,33,3,3,68,963,16,8,8,81,28,28,50,221,28,51,14,51,80,144,110,30,40,34,55,46,34,24,39,43,19,2444
2021-03-21,15,11,24,7,12,56,361,11,6,16,67,35,28,42,193,27,33,5,27,36,125,94,22,33,29,55,28,15,27,47,38,30,1555
2021-03-22,48,76,109,13,14,205,1991,69,11,62,305,89,91,150,752,72,156,19,112,94,243,249,63,116,104,127,190,73,83,115,97,58,5956
2021-03-23,47,55,117,17,20,170,1851,82,10,50,221,89,64,106,650,74,107,10,106,116,205,223,56,87,75,111,131,59,73,109,81,60,5232
2021-03-24,33,51,76,24,11,179,1552,39,12,55,200,93,70,101,630,84,104,17,72,91,187,177,45,91,77,126,129,63,61,100,81,46,4677
2021-03-25,46,56,100,21,13,197,1537,39,12,43,244,69,67,111,601,67,79,8,92,113,174,198,36,81,68,107,108,58,61,83,86,50,4625
2021-03-26,34,42,82,10,18,175,1404,70,6,34,219,58,52,88,521,55,94,5,109,75,182,152,50,84,74,124,130,56,31,60,74,45,4213
2021-03-27,67,14,56,12,10,65,921,16,8,14,61,24,19,50,213,42,40,4,38,65,123,79,29,50,29,43,49,19,13,40,25,35,2273
2021-03-28,14,10,19,3,4,47,341,24,11,17,83,31,27,45,135,23,32,5,31,34,92,53,21,38,26,37,21,23,14,27,27,19,1334
2021-03-29,63,62,78,33,17,232,1671,58,18,53,233,93,85,135,712,78,121,15,145,116,214,186,40,121,104,145,165,70,40,68,90,73,5334
2021-03-30,48,42,84,22,19,198,1564,55,9,47,121,91,62,102,566,82,120,13,106,87,190,111,48,85,63,105,163,62,30,65,76,37,4473
2021-03-31,41,48,77,11,22,183,1426,37,5,25,105,76,51,96,480,89,66,6,106,82,144,180,46,96,80,99,110,58,28,74,73,40,4060
2021-04-01,18,32,67,9,12,83,602,18,8,23,86,49,44,50,183,25,36,10,54,64,128,105,30,59,30,38,58,21,18,39,71,31,2101
2021-04-02,10,20,30,7,3,84,458,16,9,7,67,58,28,52,169,40,51,10,38,37,99,66,26,52,28,53,40,32,42,31,31,15,1709
2021-04-03,16,11,42,8,2,123,341,16,4,16,79,30,25,54,158,22,25,5,47,59,98,78,30,50,30,40,62,38,18,40,41,12,1620
2021-04-04,15,14,27,11,6,101,295,18,4,9,65,26,33,59,144,29,24,10,24,35,98,73,35,26,30,50,62,29,15,28,27,17,1439
2021-04-05,70,64,122,10,25,326,1640,71,17,94,190,107,94,133,705,121,112,23,131,100,205,241,70,113,96,140,193,86,55,78,104,35,5571
2021-04-06,51,34,89,12,19,312,1430,37,11,66,131,92,76,149,535,91,90,26,105,86,159,217,61,113,85,100,140,77,55,80,103,37,4669
2021-04-07,43,43,96,22,36,301,1384,37,26,61,146,61,80,107,453,91,94,19,103,73,166,176,58,118,88,115,135,75,41,81,66,45,4440
2021-04-08,33,44,70,10,30,276,1281,31,17,58,110,89,55,114,488,72,95,24,117,65,173,161,61,101,72,127,153,56,40,83,97,57,4260
2021-04-09,55,42,68,12,25,235,1302,43,14,48,109,103,56,117,538,59,59,18,79,52,166,138,68,94,65,117,132,80,20,66,56,42,4078
2021-04-10,19,19,50,3,12,90,828,10,11,25,54,31,48,62,230,39,31,13,35,38,104,84,46,87,41,58,48,29,12,26,31,22,2236
2021-04-11,28,6,14,7,7,79,242,13,7,11,41,24,30,48,146,29,24,12,26,19,77,49,31,33,28,23,39,29,15,30,21,22,1210
2021-04-12,61,53,104,19,20,312,1455,75,19,57,173,112,72,128,655,93,143,19,125,97,185,166,81,114,87,148,202,86,38,75,88,56,5118
2021-04-13,33,43,75,15,18,308,1299,48,18,61,112,105,77,97,571,67,61,18,112,71,150,144,61,109,67,110,110,79,34,69,91,41,4274
2021-04-14,43,45,89,9,11,276,1191,31,20,33,101,76,83,99,445,66,94,18,80,67,146,105,83,82,53,76,177,68,36,64,70,30,3867
2021-04-15,44,36,76,14,22,225,1205,36,25,59,83,79,52,91,435,69,72,15,93,66,147,117,72,94,39,104,127,81,23,71,77,45,3794
2021-04-16,33,34,51,13,16,229,1008,62,20,36,56,76,75,88,369,46,103,17,82,51,115,111,69,80,41,83,111,75,35,49,67,40,3341
2021-04-17,6,7,43,2,8,76,613,21,14,15,28,18,36,39,163,27,25,7,37,38,85,45,60,36,22,47,50,22,8,51,26,18,1693
2021-04-18,9,14,26,3,8,60,224,15,11,12,25,34,25,36,112,31,24,6,16,20,65,45,58,24,24,45,31,26,4,26,35,15,1109
2021-04-19,47,69,93,49,25,290,1209,39,16,56,115,75,78,116,472,74,125,28,84,68,144,143,95,89,72,101,227,95,39,89,85,55,4362
2021-04-20,23,45,63,6,10,287,1088,34,10,45,85,74,54,103,456,65,108,16,86,38,123,138,85,67,57,83,133,81,32,68,79,38,3680
2021-04-21,27,27,74,14,16,259,1092,30,20,33,98,58,61,85,396,57,84,11,61,48,132,138,103,85,55,123,176,89,34,59,72,28,3645
2021-04-22,34,46,63,20,21,195,912,32,13,54,87,80,44,76,368,62,112,20,73,56,114,101,72,82,69,82,142,77,24,68,64,29,3292
2021-04-23,29,41,66,14,21,198,876,29,12,33,81,70,45,80,316,52,107,17,105,55,104,110,80,77,51,95,146,56,27,86,81,42,3202
2021-04-24,15,21,32,6,9,89,576,12,24,9,49,31,18,36,173,24,24,7,41,30,67,51,62,48,34,43,79,38,21,34,27,22,1752
2021-04-25,19,23,27,7,3,86,183,10,21,13,35,18,19,30,101,17,26,4,25,24,56,44,44,19,19,39,53,33,5,31,25,15,1074
2021-04-26,33,70,63,13,30,298,1015,36,16,44,135,81,52,120,475,69,138,21,92,76,127,131,107,79,75,116,176,97,25,63,79,53,4005
2021-04-27,33,37,72,22,25,211,983,33,26,44,88,66,39,83,332,57,147,12,89,50,100,94,122,60,49,88,190,101,25,64,84,46,3472
2021-04-28,37,39,69,35,16,185,895,34,21,26,80,71,38,87,329,59,117,20,74,65,98,94,104,71,44,56,136,80,24,48,102,35,3189
2021-04-29,29,37,71,30,12,167,801,41,18,37,67,75,38,74,350,72,108,15,74,41,88,72,103,60,42,61,122,89,16,43,89,47,2989
2021-04-30,23,36,55,33,17,134,758,36,24,19,47,56,34,54,218,41,132,27,63,58,102,84,113,41,31,62,156,85,13,50,79,37,2718
2021-05-01,4,12,25,4,5,70,226,14,9,8,25,33,13,21,88,22,18,10,23,31,43,13,59,29,10,35,48,32,3,23,30,19,1005
2021-05-02,8,17,24,9,5,53,191,9,14,10,29,22,12,24,75,20,21,15,27,17,40,21,62,25,15,37,46,33,13,15,27,21,957
2021-05-03,29,65,72,42,22,191,810,42,24,39,67,85,38,100,290,57,114,19,101,51,129,129,141,53,61,82,229,135,23,69,94,50,3453
2021-05-04,21,46,60,17,16,178,626,41,24,33,53,84,24,75,272,62,116,20,90,35,97,89,139,69,46,87,174,120,13,58,92,42,2919
2021-05-05,20,46,54,14,21,148,682,29,35,18,47,72,23,90,225,58,75,17,93,84,79,54,123,57,45,53,81,101,16,44,53,40,2597
2021-05-06,35,46,63,30,23,152,606,37,28,33,90,96,37,86,209,52,97,24,75,53,75,61,114,74,27,70,184,110,14,55,93,36,2785
2021-05-07,19,67,61,17,13,113,623,27,18,28,52,55,32,55,241,57,99,18,101,50,42,48,120,69,34,63,139,103,10,41,69,37,2521
2021-05-08,18,24,28,8,3,48,384,23,19,5,20,33,11,32,66,26,14,5,46,39,54,19,75,37,22,40,59,46,5,31,16,25,1281
2021-05-09,11,20,24,1,4,38,91,8,17,2,27,20,10,30,66,3,16,3,28,15,35,21,71,20,10,30,46,40,3,33,28,12,783
2021-05-10,10,44,44,16,7,97,362,19,23,11,30,61,9,41,134,32,48,13,62,33,37,37,94,57,28,45,129,101,11,37,45,24,1741
2021-05-11,35,112,78,21,25,174,693,40,27,45,54,92,22,94,334,63,77,16,97,44,66,77,149,58,69,93,166,163,13,64,110,38,3209
2021-05-12,17,60,54,23,16,135,620,28,29,24,51,77,21,63,230,41,72,10,87,40,56,48,179,52,44,83,167,123,5,78,79,32,2644
2021-05-13,23,66,49,29,19,106,510,34,34,35,52,39,13,51,223,38,58,8,78,26,62,40,173,58,40,56,161,113,15,53,86,27,2375
2021-05-14,25,57,76,16,17,85,613,19,21,24,44,45,14,49,255,34,54,20,94,29,60,58,156,52,35,69,159,125,9,63,83,32,2492
2021-05-15,4,10,23,18,7,38,308,11,12,8,32,17,6,21,139,19,8,8,53,28,33,12,77,31,25,37,58,64,15,38,49,5,1214
2021-05-16,6,16,16,14,6,39,117,6,12,5,13,12,17,17,87,20,9,3,19,10,20,7,69,17,21,40,31,42,4,34,37,7,773
2021-05-17,20,65,71,33,22,133,615,34,21,42,68,39,17,71,250,53,45,22,126,44,63,40,179,73,58,84,210,179,19,69,110,31,2906
2021-05-18,13,61,77,30,25,96,613,27,18,28,39,46,19,55,210,34,25,26,84,47,72,32,160,48,54,93,157,141,15,82,126,32,2585
2021-05-19,13,45,73,44,12,98,533,24,21,27,61,61,16,65,223,20,28,24,91,47,51,33,171,36,65,76,213,109,12,79,103,26,2500
2021-05-20,16,53,72,36,11,92,561,28,34,17,37,48,22,35,241,32,27,14,96,34,53,25,146,31,72,62,179,116,17,87,109,20,2423
2021-05-21,15,46,111,32,19,71,594,26,17,25,29,54,24,52,206,24,24,15,127,28,42,32,156,49,45,57,155,111,15,66,109,25,2401
2021-05-22,2,17,43,13,6,22,301,4,16,2,34,6,8,19,137,12,4,11,30,18,35,18,94,20,17,37,84,62,6,27,34,14,1153
2021-05-23,5,14,33,20,11,11,120,6,14,2,18,13,16,25,51,17,8,6,26,15,19,11,70,10,21,26,48,64,19,23,48,12,802
2021-05-24,16,67,131,29,25,91,636,41,17,25,47,57,29,72,262,33,32,21,144,43,48,35,200,58,71,118,220,147,14,93,121,23,2966
2021-05-25,11,44,106,34,14,65,673,28,16,29,30,49,24,67,236,16,25,12,137,42,58,42,168,40,80,94,186,148,11,81,145,18,2729
2021-05-26,13,40,135,26,17,77,665,32,12,22,36,45,20,44,200,19,32,13,77,53,41,39,170,46,68,86,189,143,11,100,159,18,2648
2021-05-27,12,50,88,32,34,68,552,29,23,34,37,46,35,60,225,26,16,9,125,24,46,41,164,42,44,94,159,157,15,78,188,11,2564
2021-05-28,11,48,123,26,18,38,645,24,14,20,18,31,23,42,204,25,27,8,106,39,40,19,142,53,76,77,202,128,14,74,186,6,2507
2021-05-29,5,21,47,13,14,19,285,11,22,4,11,5,10,14,75,14,5,6,42,24,30,9,101,21,20,40,108,59,5,35,63,5,1143
2021-05-30,4,14,56,14,6,24,114,7,19,16,10,6,7,23,84,15,10,14,33,14,18,7,86,16,19,29,101,46,3,42,73,3,933
2021-05-31,9,89,154,41,33,62,639,18,23,23,43,37,29,65,228,16,20,19,122,28,44,34,220,53,85,100,300,180,9,117,233,15,3088
2021-06-01,11,55,155,43,11,53,678,29,17,19,29,33,22,47,200,23,21,12,100,23,37,21,206,53,67,113,210,184,10,100,227,12,2821
2021-06-02,9,59,167,53,30,59,687,28,29,17,41,27,12,67,171,14,8,17,88,20,47,15,187,42,64,96,254,173,7,99,218,15,2820
2021-06-03,12,36,132,27,24,57,608,20,9,12,41,18,14,69,151,16,15,11,111,30,31,24,186,33,72,109,264,179,9,97,235,13,2665
2021-06-04,9,43,171,32,29,49,636,27,16,9,27,16,24,46,166,15,17,14,134,23,44,21,186,47,67,116,228,169,12,131,243,8,2775
2021-06-05,8,21,81,20,13,25,316,13,8,5,18,16,18,15,88,6,6,7,57,15,21,5,124,20,30,61,141,81,1,44,70,5,1359
2021-06-06,3,10,50,10,9,9,109,8,10,6,12,15,16,27,62,4,7,1,37,20,15,7,94,16,15,24,64,71,1,50,61,1,844
2021-06-07,11,53,255,42,37,55,843,36,20,28,30,29,21,63,222,19,11,21,161,60,36,29,198,50,135,161,377,217,5,139,335,13,3712
2021-06-08,13,42,254,45,41,50,894,37,11,17,51,31,23,46,239,16,11,19,133,45,44,30,246,47,104,160,340,204,9,111,291,14,3618
2021-06-09,5,34,251,59,20,56,894,35,19,46,42,21,18,42,242,15,11,20,105,27,32,9,205,37,84,139,284,242,2,124,280,9,3409
2021-06-10,21,22,297,42,24,50,793,33,13,18,38,23,17,49,231,17,11,13,130,39,24,17,217,30,99,169,241,224,3,113,292,15,3325
2021-06-11,5,55,267,47,36,34,798,22,14,54,33,25,20,51,220,18,14,28,124,23,42,13,163,49,102,155,285,231,4,102,266,10,3310
2021-06-12,0,10,149,25,22,14,452,8,15,8,18,14,7,29,137,8,6,8,37,23,25,4,117,16,55,64,196,92,3,66,84,4,1716
2021-06-13,1,17,135,28,20,18,150,8,3,3,16,9,8,18,60,5,5,5,26,14,22,8,79,14,33,51,134,75,0,58,73,5,1101
2021-06-14,11,68,405,81,51,54,959,33,7,25,50,25,25,74,304,8,19,26,138,62,32,22,189,43,161,211,386,271,6,146,328,15,4235
2021-06-15,10,54,396,58,34,47,964,33,11,18,27,18,13,43,257,11,21,28,125,27,28,22,183,46,146,191,339,307,13,117,294,13,3894
2021-06-16,4,68,467,88,31,26,1003,36,19,22,39,23,27,35,246,15,13,14,136,41,41,21,227,36,146,168,340,226,2,123,260,8,3951
2021-06-17,8,51,410,76,40,22,1059,33,19,18,22,25,17,48,286,20,12,19,120,40,38,19,168,59,127,194,346,268,3,135,274,7,3983
2021-06-18,5,27,402,60,42,31,1093,35,9,12,30,15,22,69,276,13,11,28,107,35,31,16,229,40,152,185,306,286,1,140,282,5,3995
2021-06-19,1,8,186,29,25,12,617,12,6,2,7,6,12,18,107,7,1,12,60,52,23,12,140,25,70,89,243,115,2,72,97,4,2072
2021-06-20,4,19,110,37,17,8,216,14,3,2,6,7,6,38,67,5,5,2,40,16,19,10,134,16,42,61,109,108,2,62,87,2,1274
2021-06-21,10,69,490,94,47,39,1338,36,17,23,45,40,20,90,429,28,24,32,179,33,42,16,248,73,208,294,415,336,11,230,371,13,5340
2021-06-22,12,56,414,88,47,33,1498,25,14,21,44,30,26,75,389,14,7,19,124,62,43,29,311,59,209,218,387,330,2,209,392,15,5202
2021-06-23,7,49,407,99,48,27,1533,27,29,27,45,32,18,88,434,27,7,18,175,93,36,30,289,46,180,254,374,348,10,226,369,17,5369
2021-06-24,8,46,374,111,51,41,1618,29,23,23,35,38,40,90,411,23,12,22,161,84,43,17,307,54,220,243,372,290,7,231,325,11,5360
2021-06-25,6,52,442,90,40,31,1543,29,18,11,20,43,41,114,451,16,8,29,150,95,38,26,288,63,196,210,397,261,5,233,304,2,5252
2021-06-26,2,18,234,37,15,12,1000,12,6,5,8,17,12,45,226,11,9,10,70,51,29,21,154,26,80,107,187,133,3,107,106,6,2759
2021-06-27,2,20,96,34,28,5,398,8,7,5,7,24,15,40,95,17,5,9,48,37,21,11,151,9,77,104,142,101,3,93,97,3,1712
2021-06-28,13,73,577,131,56,41,1988,36,21,31,75,67,40,160,554,43,17,40,239,125,48,34,340,50,292,296,470,358,4,343,406,14,6982
2021-06-29,19,54,441,88,51,35,1936,40,30,31,55,68,42,142,585,33,24,61,214,102,40,28,291,68,287,287,439,303,8,312,313,22,6449
2021-06-30,16,58,393,85,47,43,1948,51,31,32,44,70,42,142,580,35,19,40,217,108,39,61,285,53,296,222,368,294,10,311,327,9,6276
2021-07-01,10,46,344,89,35,35,2232,28,21,24,63,75,35,165,603,34,26,46,258,124,63,63,263,64,322,257,357,264,7,320,258,7,6538
2021-07-02,7,50,357,68,45,54,2330,35,20,30,65,89,47,129,733,42,11,63,239,152,47,60,328,59,331,223,335,268,12,311,246,3,6789
2021-07-03,2,16,186,42,20,14,1385,19,5,7,37,37,26,71,274,30,7,37,131,76,31,16,202,29,143,120,126,125,2,164,87,6,3473
2021-07-04,5,16,136,34,12,17,545,6,10,7,24,73,23,79,183,16,8,21,78,86,29,25,167,22,143,68,115,90,4,146,68,12,2268
2021-07-05,15,71,437,119,53,62,3057,64,41,50,95,234,101,317,951,60,32,85,364,187,95,115,338,68,471,273,395,329,5,474,351,30,9339
2021-07-06,17,67,441,113,52,53,3184,58,41,46,151,222,82,352,974,56,27,104,335,189,61,108,344,74,499,272,317,281,9,475,312,31,9347
2021-07-07,13,69,419,130,64,96,3521,59,41,48,164,289,111,362,1050,66,51,106,365,168,89,107,390,87,535,255,348,279,13,477,324,25,10121
2021-07-08,20,41,354,72,50,85,3557,68,44,50,115,333,109,374,1093,80,63,118,363,172,122,115,403,90,600,233,321,248,16,499,286,48,10142
2021-07-09,19,54,371,78,61,72,3467,107,36,50,146,318,108,423,1211,64,97,115,420,195,126,93,339,78,684,306,356,265,22,538,287,44,10550
2021-07-10,4,23,195,38,36,30,2101,45,24,6,83,227,51,146,360,33,11,55,171,159,87,24,234,45,334,154,155,125,11,257,90,10,5324
2021-07-11,5,16,113,31,33,22,955,18,20,7,76,147,56,176,247,47,21,55,96,137,61,46,170,34,261,141,90,112,6,239,78,10,3526
2021-07-12,33,56,471,121,83,116,4418,137,77,96,224,500,153,646,1621,188,129,137,626,275,144,159,402,151,821,394,394,323,44,644,364,60,14007
2021-07-13,48,66,414,92,114,120,4714,121,99,86,293,482,187,682,1616,163,85,159,573,279,139,161,421,161,765,369,390,292,21,584,317,58,14071
2021-07-14,40,61,298,119,92,92,4678,133,101,114,229,475,152,708,1554,140,83,246,682,319,173,178,401,133,775,414,375,269,43,550,282,67,13976
2021-07-15,33,72,301,108,104,95,4175,141,110,95,227,591,186,756,1530,167,98,243,662,279,153,187,441,199,691,357,381,271,38,548,294,84,13617
2021-07-16,58,92,282,94,111,84,4289,135,113,133,223,588,185,725,1807,201,142,260,659,358,140,202,398,185,717,381,390,263,37,584,255,50,14141
2021-07-17,14,26,137,26,59,38,2509,59,54,29,193,246,115,317,554,70,26,103,275,238,116,67,268,80,339,186,187,121,16,340,89,19,6916
2021-07-18,9,16,134,34,52,37,1036,46,72,39,150,279,93,259,368,61,22,113,222,190,83,72,192,54,263,141,132,91,15,295,88,32,4690
2021-07-19,75,90,372,116,118,134,5339,213,154,128,295,875,266,1086,2197,215,197,406,876,481,238,250,440,283,782,460,486,349,48,794,345,141,18249
2021-07-20,72,91,311,106,145,139,5475,199,186,154,273,893,241,1206,2225,226,205,412,850,451,239,257,503,253,797,392,383,317,61,838,310,177,18387
2021-07-21,65,75,292,102,150,140,5148,184,211,149,399,861,246,1159,2196,220,222,392,843,456,242,246,459,353,716,380,482,261,82,856,269,129,17985
2021-07-22,65,92,278,119,124,125,5476,186,211,143,295,963,266,1139,2401,302,277,457,942,500,257,285,427,369,799,416,510,262,62,766,245,143,18902
2021-07-23,62,99,278,103,204,150,4749,203,240,173,341,687,276,1072,2300,269,258,534,954,488,275,303,449,390,782,370,453,250,56,911,267,132,18078
2021-07-24,14,43,111,54,94,52,2899,93,132,54,245,246,156,491,703,105,37,216,396,300,212,66,287,183,284,196,270,129,38,502,74,55,8737
2021-07-25,11,36,85,43,55,28,1369,52,97,42,170,420,164,429,579,112,44,214,303,225,179,66,233,91,308,173,173,124,29,433,81,28,6396
2021-07-26,120,120,350,148,196,146,5943,274,298,232,554,862,368,1521,2830,393,387,558,1223,574,374,385,498,546,889,567,596,353,69,970,328,151,22823
2021-07-27,122,111,292,138,191,160,5556,275,332,237,466,882,362,1477,2725,359,332,563,1386,645,368,344,510,529,809,500,609,394,98,997,279,181,22229
2021-07-28,93,116,290,151,165,127,5279,323,356,249,337,819,347,1424,2366,317,350,449,1200,580,324,380,498,572,635,542,654,406,100,907,226,176,20758
2021-07-29,101,115,266,154,197,156,5737,283,381,294,363,974,314,1385,2605,368,339,406,1128,538,399,354,491,514,588,549,652,319,125,919,213,218,21445
2021-07-30,93,116,259,121,190,100,4965,328,359,228,390,886,324,1289,2382,358,393,344,1267,516,395,338,445,562,634,452,607,337,113,947,254,174,20166
2021-07-31,14,29,96,59,103,34,2941,152,153,54,173,369,187,421,831,151,56,183,484,301,253,118,313,319,262,245,287,135,28,473,98,66,9388
2021-08-01,43,32,62,51,88,58,1387,92,188,59,175,403,163,398,650,214,54,178,442,280,225,133,246,179,283,201,268,156,59,456,61,59,7343
2021-08-02,170,137,276,199,202,132,5612,368,335,377,553,883,406,1457,2798,367,219,542,1668,607,504,430,496,771,590,535,818,528,120,1055,338,179,23672
2021-08-03,151,126,244,161,208,136,5476,363,361,321,499,991,371,1357,2623,459,122,609,1521,588,487,479,574,781,546,548,835,506,122,1012,264,202,23043
2021-08-04,146,142,188,146,211,119,5026,322,360,303,543,740,424,1363,2488,514,171,498,1533,526,527,451,455,729,480,480,829,481,130,1027,258,183,21793
2021-08-05,87,138,186,179,175,131,5111,339,416,261,479,934,411,1263,2405,456,145,509,1652,671,606,414,536,739,449,466,806,508,127,988,239,212,22038
2021-08-06,104,149,214,158,187,136,4726,327,395,424,508,858,427,1112,2376,458,207,449,1531,499,556,438,440,799,419,476,773,531,142,1038,253,185,21295
2021-08-07,43,45,75,87,105,56,2925,199,168,67,242,239,176,412,748,164,57,167,569,331,337,159,321,481,266,244,412,216,93,560,87,49,10100
2021-08-08,30,44,41,66,91,28,1399,150,223,48,221,420,174,449,571,170,60,229,477,246,291,142,231,238,182,218,298,189,65,456,71,68,7586
2021-08-09,157,185,229,226,216,183,5308,437,419,393,655,881,500,1565,2620,528,287,606,1973,644,687,622,544,939,520,487,1169,681,177,1185,350,279,25652
2021-08-10,135,159,169,223,202,137,5397,472,462,378,696,743,483,1398,2603,534,254,488,1936,619,649,544,473,892,420,520,1145,703,161,1131,315,368,24809
2021-08-11,115,157,165,212,196,117,5094,418,464,330,653,697,423,1334,2292,490,254,503,1702,534,692,560,439,961,360,514,1176,627,157,1023,296,249,23204
2021-08-12,129,204,134,182,176,103,4671,393,451,349,738,655,522,1393,2212,520,231,441,1630,509,655,559,392,867,323,527,1184,504,184,1012,293,239,22382
2021-08-13,123,164,163,260,198,79,4493,371,405,350,658,614,400,1163,2190,498,186,388,1759,499,734,468,420,951,312,452,1070,592,166,1073,293,211,21703
2021-08-14,30,52,80,90,93,25,2215,173,179,62,311,275,192,406,683,165,62,177,539,331,449,172,230,516,124,208,559,265,93,584,112,81,9533
2021-08-15,22,49,34,110,68,26,1016,126,245,70,209,209,240,380,464,188,87,171,432,182,380,110,174,282,103,192,391,200,92,410,68,72,6802
2021-08-16,166,254,210,293,215,120,4488,461,484,339,926,692,546,1453,2464,525,247,450,1946,560,692,613,476,945,336,529,1421,724,191,1060,400,315,24541
2021-08-17,178,188,157,255,222,100,4159,459,443,307,756,567,467,1123,2106,488,198,387,1784,515,793,567,362,950,296,551,1235,634,162,1039,374,232,22054
2021-08-18,149,204,175,313,179,89,4016,360,435,306,702,479,448,1178,1790,479,261,296,1710,504,753,573,344,895,264,459,1225,652,204,1021,331,214,21008
2021-08-19,142,197,128,209,184,91,3722,381,407,214,747,486,455,1031,1844,444,191,300,1444,542,730,562,215,805,253,429,1048,537,201,827,137,179,19082
2021-08-20,129,175,120,176,154,93,3532,352,393,228,692,437,379,894,1628,434,133,274,1433,493,670,521,267,772,249,434,911,586,192,813,342,163,18069
2021-08-21,34,55,58,74,93,52,1569,191,177,49,257,171,141,360,520,172,77,114,453,264,284,153,202,330,138,208,538,229,95,439,122,56,7675
2021-08-22,26,66,40,104,63,28,832,130,212,47,243,117,157,333,411,118,73,128,344,257,251,109,175,182,89,165,405,192,81,411,94,50,5933
2021-08-23,210,269,178,290,208,107,3566,368,400,247,841,462,443,1238,1983,467,255,306,1643,518,729,603,337,808,294,567,1505,683,175,996,415,241,21352
2021-08-24,126,193,117,243,169,102,3592,328,397,214,772,383,386,1058,1624,416,200,274,1460,547,663,546,301,655,240,459,1217,616,191,804,360,172,18825
2021-08-25,142,215,128,225,131,96,3172,401,358,199,722,359,359,995,1425,393,199,223,1291,390,648,486,300,654,205,455,1029,662,160,775,361,168,17326
2021-08-26,119,178,141,180,121,85,3082,318,347,174,707,373,299,951,1386,367,174,232,1266,332,658,502,206,558,189,367,1081,515,182,730,340,141,16301
2021-08-27,133,140,97,157,122,61,3165,298,300,211,678,202,296,862,1360,327,177,243,1219,331,615,471,200,571,196,404,1067,514,138,718,321,166,15760
2021-08-28,23,61,36,90,62,27,1682,132,122,24,268,110,138,316,509,127,92,81,386,216,317,138,119,315,118,142,461,238,96,438,129,48,7061
2021-08-29,31,34,31,64,54,22,734,99,138,33,316,109,141,246,321,118,55,60,314,144,263,122,127,152,50,121,254,191,50,325,80,31,4830
2021-08-30,186,195,153,234,138,111,3129,399,317,222,1000,246,354,1071,1467,381,190,236,1471,420,569,529,238,591,120,474,1289,614,160,792,377,161,17834
2021-08-31,116,127,95,214,130,88,2575,371,275,196,827,236,335,991,1281,348,140,198,1186,433,614,477,227,521,170,350,1211,572,169,676,407,136,15692
2021-09-01,98,138,90,191,122,82,2481,376,313,193,719,296,293,879,1167,299,166,211,1068,401,551,453,201,486,161,382,1118,582,140,660,376,116,14809
2021-09-02,149,146,93,173,105,103,2475,364,250,181,745,251,273,917,1091,321,158,159,846,362,524,420,162,435,152,366,958,504,163,669,327,132,13974
2021-09-03,124,134,58,102,111,78,2479,348,259,156,627,244,247,815,1025,274,149,172,816,339,582,406,166,410,160,349,957,524,143,641,345,105,13345
2021-09-04,36,51,34,65,61,35,1390,157,137,53,280,87,112,299,495,122,87,84,256,212,266,147,90,238,73,95,535,222,90,417,113,48,6387
2021-09-05,21,51,21,62,44,21,681,123,127,44,217,77,102,277,290,116,97,57,200,123,191,120,78,86,44,90,200,182,65,304,78,26,4215
2021-09-06,106,173,88,185,142,110,2590,360,266,190,920,261,313,1137,1434,359,230,183,996,397,665,504,191,495,163,343,1167,608,187,709,440,132,16044
2021-09-07,112,147,81,161,134,87,2093,378,234,158,715,199,232,930,1303,309,182,179,901,346,577,358,150,374,165,302,986,498,149,583,306,90,13419
2021-09-08,89,154,70,134,89,90,1812,295,244,141,645,155,179,840,1173,315,205,122,801,280,525,365,157,380,137,287,916,499,148,551,346,92,12236
2021-09-09,93,141,67,134,99,75,2053,243,205,157,668,162,207,835,1324,249,163,123,710,298,570,362,121,341,147,288,803,426,119,568,349,93,12193
2021-09-10,112,112,47,92,105,73,2043,249,214,123,695,183,157,878,1388,262,190,104,680,274,470,270,140,372,102,287,830,409,119,485,335,98,11898
2021-09-11,30,50,25,42,52,19,1105,97,105,25,368,90,79,239,498,109,113,60,235,198,252,129,67,174,67,116,296,159,59,269,94,25,5246
2021-09-12,19,47,29,32,37,20,532,81,155,26,260,68,85,286,367,103,97,63,185,103,169,99,60,99,37,91,125,139,41,166,92,42,3755
2021-09-13,146,206,83,118,135,136,2084,303,201,145,908,146,260,1003,1510,314,296,170,869,336,515,351,173,416,171,328,1002,453,136,459,435,96,13904
2021-09-14,116,124,86,69,130,84,1976,222,225,138,840,147,208,783,1310,250,179,121,705,294,453,289,135,350,128,323,791,367,101,367,368,102,11781
2021-09-15,42,74,66,49,70,82,1563,151,137,56,592,107,130,393,729,156,136,75,333,204,279,203,80,226,66,211,715,295,54,294,140,44,7752
2021-09-16,28,47,25,48,32,35,323,91,97,24,283,58,95,288,285,104,65,64,178,191,249,95,56,125,52,83,254,161,39,230,122,25,3852
2021-09-17,124,182,56,98,87,95,2004,233,236,146,696,102,161,853,1500,232,125,115,731,273,421,286,145,318,138,297,750,402,103,405,420,61,11795
2021-09-18,27,62,25,33,30,24,1054,96,78,26,337,50,98,240,491,113,56,52,176,170,211,107,61,125,43,81,273,167,49,220,142,14,4731
2021-09-19,28,59,17,44,24,20,417,54,95,27,252,35,80,200,329,75,78,42,165,121,188,71,49,81,31,59,147,109,34,219,77,22,3249
2021-09-20,130,280,58,126,115,114,2126,263,222,143,847,111,191,952,1465,240,131,141,659,319,458,352,127,313,124,292,971,433,104,418,432,70,12727
2021-09-21,108,204,34,83,107,85,1774,232,177,93,856,45,160,706,1156,176,121,98,560,200,425,287,121,248,128,254,682,314,112,313,360,77,10296
2021-09-22,84,202,50,81,81,104,1815,192,174,90,864,65,161,617,1103,240,98,90,372,211,431,241,111,307,96,276,703,353,90,280,347,41,9970
2021-09-23,101,232,40,72,69,101,1504,161,159,79,823,80,119,476,1119,176,109,81,430,203,377,238,83,233,103,189,554,233,76,312,298,58,8888
2021-09-24,88,218,56,86,75,112,1752,185,145,98,698,67,117,442,1080,149,96,79,418,172,386,193,85,202,91,219,616,260,66,238,294,58,8841
2021-09-25,27,55,23,26,26,19,967,91,83,38,278,24,70,142,337,74,50,31,137,134,185,75,46,108,47,74,238,117,35,142,83,14,3796
2021-09-26,23,47,10,29,22,26,415,94,50,16,319,25,68,153,275,47,55,37,109,65,183,44,30,64,43,71,107,101,31,134,47,12,2752
2021-09-27,139,289,66,76,96,156,1605,235,142,99,1036,79,146,542,1138,199,128,98,578,189,371,250,95,309,120,205,774,331,83,365,324,84,10347
2021-09-28,117,238,43,72,68,98,1187,212,85,85,763,67,130,390,897,155,103,63,467,177,326,207,94,204,98,150,544,209,76,225,282,76,7908
2021-09-29,95,225,56,64,53,115,1095,231,75,63,772,43,104,345,783,139,113,70,392,146,282,216,83,180,71,170,541,237,61,251,256,60,7387
2021-09-30,74,224,38,72,71,97,928,178,79,69,734,44,91,308,645,91,68,66,366,146,255,150,75,158,95,167,480,201,55,226,198,45,6494
2021-10-01,64,195,27,58,39,79,1076,186,91,42,595,39,82,280,678,86,86,63,355,130,224,146,66,178,65,150,432,181,55,208,168,49,6173
2021-10-02,20,66,14,22,17,26,559,82,36,13,313,33,34,125,269,60,37,27,124,82,133,62,32,81,36,61,204,73,18,115,29,21,2824
2021-10-03,33,58,22,24,15,34,291,63,61,10,210,31,40,107,222,55,52,22,102,88,100,43,22,35,22,51,84,59,16,111,43,12,2138
2021-10-04,144,297,33,74,56,168,1130,225,118,93,798,63,102,337,893,105,127,69,426,203,239,232,74,194,93,191,588,215,50,251,214,67,7869
2021-10-05,121,243,36,57,45,153,977,200,86,77,678,44,66,309,711,97,63,56,374,138,283,197,62,177,101,173,421,171,53,153,209,40,6571
2021-10-06,116,289,30,59,39,103,937,181,100,55,670,56,66,233,673,98,95,58,286,114,211,168,63,161,87,181,412,170,44,151,161,61,6128
2021-10-07,112,290,23,51,40,133,833,167,70,58,583,38,66,215,569,76,67,58,326,80,182,152,69,133,65,164,293,147,55,176,158,62,5511
2021-10-08,93,281,27,53,22,103,804,168,65,84,431,36,63,206,621,89,66,43,274,109,163,124,62,168,74,167,321,158,27,138,160,36,5236
2021-10-09,30,94,18,11,14,45,394,116,22,18,221,23,35,99,266,32,32,25,110,75,108,49,37,86,32,56,157,61,21,92,31,12,2422
2021-10-10,44,89,5,15,12,26,262,84,39,15,193,24,39,96,186,45,62,22,84,88,97,45,34,48,30,40,76,80,16,87,39,15,2037
2021-10-11,115,356,35,47,45,134,907,178,70,88,699,43,78,277,898,96,110,54,409,130,164,188,68,210,79,224,454,197,41,165,161,59,6779
2021-10-12,102,302,23,45,35,62,775,180,53,63,708,40,56,205,640,71,62,47,334,91,154,157,45,175,62,142,316,149,32,103,140,67,5436
2021-10-13,104,262,28,41,40,117,676,146,44,52,576,35,49,169,498,58,78,35,311,96,148,146,57,138,38,162,341,140,17,108,138,43,4891
2021-10-14,59,294,24,40,45,140,657,175,42,52,599,24,66,185,539,53,76,47,299,107,131,149,60,140,47,138,261,133,22,124,125,23,4876
2021-10-15,41,289,22,34,22,150,787,141,25,36,523,35,34,155,531,64,60,30,239,94,136,123,35,139,52,125,310,169,23,110,121,43,4698
2021-10-16,14,120,11,12,10,36,307,59,17,11,266,15,24,75,184,28,36,27,72,55,55,25,35,61,26,51,83,65,7,52,23,10,1872
2021-10-17,12,102,12,24,7,32,142,58,20,10,159,25,18,73,114,19,35,17,82,39,64,27,38,36,36,44,51,30,9,51,19,5,1410
2021-10-18,77,455,24,45,43,181,801,213,30,73,529,50,55,204,680,58,91,41,330,123,175,135,70,146,71,164,256,114,27,108,170,46,5585
2021-10-19,69,400,24,27,26,145,679,184,41,52,405,56,55,134,537,45,42,29,284,104,113,96,49,144,51,146,224,92,22,108,132,37,4552
2021-10-20,84,421,34,18,22,144,589,156,26,35,478,22,29,140,490,49,49,30,271,125,113,124,37,106,55,112,194,116,13,85,96,23,4286
2021-10-21,53,429,23,32,18,120,558,151,35,41,433,53,45,177,460,44,44,31,273,82,78,109,34,125,49,146,207,84,17,79,76,33,4139
2021-10-22,53,422,22,25,17,160,639,134,28,36,424,33,43,158,463,34,37,20,214,62,97,120,36,106,46,142,130,91,15,52,105,31,3995
2021-10-23,27,137,11,11,12,40,323,76,28,4,210,12,15,46,150,21,31,12,61,39,66,35,32,55,21,52,47,39,8,50,29,9,1709
2021-10-24,26,110,8,12,3,37,124,47,23,9,154,10,17,55,132,15,17,13,54,50,45,28,22,40,27,45,55,39,13,49,16,8,1303
2021-10-25,92,581,33,32,26,191,651,220,41,74,510,32,55,172,707,32,61,36,292,95,107,143,48,122,60,207,219,136,28,97,124,53,5277
2021-10-26,58,489,20,26,18,147,580,148,26,48,454,53,49,153,519,36,34,31,227,83,78,86,28,111,54,185,135,83,18,85,116,24,4202
2021-10-27,46,458,14,29,10,139,483,180,23,53,408,42,67,118,492,28,24,32,212,62,78,79,49,79,52,129,170,93,14,74,90,31,3858
2021-10-28,65,467,13,19,13,149,485,128,18,36,434,61,47,142,374,32,38,18,209,58,67,105,20,90,52,134,115,90,19,52,96,16,3662
2021-10-29,37,423,16,32,11,114,594,132,25,27,323,44,47,103,429,17,58,17,174,45,62,68,26,80,59,149,142,75,14,46,90,24,3503
2021-10-30,11,147,18,7,4,67,184,54,15,9,135,15,16,34,149,18,24,11,55,28,31,19,7,39,10,43,41,32,6,36,21,5,1291
2021-10-31,6,114,3,7,4,31,91,42,5,13,164,21,19,43,74,13,17,4,49,18,35,20,6,26,17,44,17,17,8,16,20,3,967
2021-11-01,44,591,19,7,11,90,422,198,10,50,358,24,55,131,347,34,36,32,192,55,36,96,19,107,39,163,57,69,8,53,100,20,3473
2021-11-02,28,518,13,9,5,86,194,168,15,39,270,14,38,89,245,21,19,17,203,30,48,71,10,59,35,100,25,64,3,36,79,15,2566
2021-11-03,53,527,16,9,14,186,594,200,21,62,362,46,35,116,464,30,19,26,160,49,64,95,27,80,30,163,160,87,6,61,100,22,3884
2021-11-04,47,504,10,17,10,185,567,148,15,33,356,36,40,91,392,25,26,8,144,73,55,96,17,98,39,165,90,76,8,42,75,26,3514
2021-11-05,47,497,19,12,6,175,501,159,9,47,250,28,24,93,369,25,24,11,121,54,41,77,18,82,51,172,105,66,16,41,79,18,3237
2021-11-06,11,145,9,5,5,60,318,62,6,5,124,14,15,35,121,17,14,9,45,43,27,38,13,51,20,74,32,36,6,16,29,6,1411
2021-11-07,9,133,9,4,1,40,109,47,5,11,120,19,18,24,96,10,10,8,57,28,33,21,21,37,18,56,21,25,4,23,12,4,1033
2021-11-08,84,602,25,16,12,234,528,216,7,47,368,41,24,124,493,30,21,26,215,71,52,133,18,111,60,266,103,104,14,66,81,34,4226
2021-11-09,60,513,33,9,15,192,455,220,8,51,325,35,30,84,444,23,21,12,166,66,51,100,20,109,51,189,61,72,15,39,80,24,3573
2021-11-10,65,476,38,8,5,176,500,171,10,33,251,37,25,92,425,13,9,12,183,62,43,97,11,98,39,218,71,70,19,29,55,19,3360
2021-11-11,64,391,51,9,9,163,545,164,12,48,301,18,28,74,392,31,30,8,182,55,43,111,8,84,49,226,59,65,5,37,54,24,3340
2021-11-12,70,394,32,10,5,154,488,139,6,42,287,24,27,63,357,21,45,19,163,56,41,88,11,96,26,216,60,59,9,41,53,17,3119
2021-11-13,8,125,25,3,4,49,228,76,10,10,150,7,18,27,89,9,12,13,42,27,22,23,5,58,23,86,13,19,3,15,16,7,1222
2021-11-14,6,86,35,2,2,57,120,46,3,14,97,5,13,12,79,8,26,8,40,22,27,16,4,14,6,69,11,10,7,17,10,5,877
2021-11-15,15,193,42,3,2,59,151,113,6,19,162,10,14,31,69,11,19,4,74,44,27,20,4,49,14,121,29,32,3,16,26,6,1388
2021-11-16,106,559,65,11,15,275,492,229,7,77,342,31,22,101,468,24,12,17,188,71,43,81,16,90,53,298,53,58,5,44,82,28,3963
2021-11-17,37,550,60,2,10,270,516,209,8,61,331,12,26,77,417,14,15,5,162,41,33,70,12,100,52,278,50,74,7,36,58,23,3616
2021-11-18,39,450,45,10,9,214,473,195,2,40,311,15,20,81,349,16,18,17,150,50,38,78,11,90,40,289,25,56,5,47,46,14,3243
2021-11-19,45,444,40,5,1,171,506,166,0,51,259,18,12,68,329,13,17,6,135,50,25,64,10,67,37,234,41,49,12,31,52,32,2990
2021-11-20,14,158,29,4,1,60,244,89,2,9,143,7,8,21,102,6,17,8,41,32,20,23,9,38,8,135,12,20,5,13,12,5,1295
2021-11-21,9,131,12,7,3,56,146,72,1,11,100,6,14,29,79,10,4,14,28,17,23,15,5,41,13,94,9,16,0,16,7,5,993
2021-11-22,102,560,63,8,9,310,509,247,7,79,383,23,19,103,351,22,27,21,159,65,427,78,12,115,60,403,48,52,16,42,54,29,4403
2021-11-23,72,524,59,9,8,259,399,206,8,66,324,25,31,76,396,20,15,10,135,27,199,63,10,91,39,276,23,47,7,35,42,35,3536
2021-11-24,81,504,53,7,4,232,366,207,8,44,251,19,15,101,316,15,7,9,138,41,144,68,7,84,53,281,29,52,6,22,58,23,3245
2021-11-25,76,437,51,5,5,249,532,165,3,42,219,18,15,77,367,16,16,8,125,48,107,43,8,90,40,243,19,43,8,29,30,10,3144
2021-11-26,71,395,59,4,2,240,361,144,3,50,245,13,12,71,339,22,23,7,125,44,25,38,13,76,40,229,31,39,5,23,35,11,2795
2021-11-27,13,134,28,3,0,84,213,80,5,12,139,2,8,22,84,10,11,5,23,24,12,17,8,51,15,91,12,19,3,12,10,3,1153
2021-11-28,15,140,20,3,1,73,111,73,3,16,83,8,7,38,74,11,17,5,35,15,22,27,5,35,21,107,5,19,4,2,5,5,1005
2021-11-29,59,635,74,8,7,395,462,209,2,94,371,24,13,95,436,23,19,9,151,48,25,54,9,98,48,350,37,66,8,27,43,33,3932
2021-11-30,52,556,65,2,4,349,378,211,4,50,301,11,27,80,239,11,7,9,135,46,23,63,3,92,36,285,37,50,3,24,31,16,3200
2021-12-01,68,473,42,4,3,300,338,194,2,52,274,16,12,103,339,6,8,16,120,53,22,49,16,63,49,249,25,42,5,34,40,31,3048
2021-12-02,61,473,41,3,6,351,481,207,3,49,231,12,12,87,342,11,16,14,129,40,21,41,12,88,41,261,20,51,5,15,24,21,3169
2021-12-03,62,392,48,5,2,278,350,154,7,43,248,24,22,68,255,16,18,21,126,24,23,25,14,78,44,264,27,50,9,38,29,30,2794
2021-12-04,12,144,16,0,3,63,147,68,2,8,130,7,6,24,77,10,3,9,52,33,9,16,19,44,15,82,7,22,10,17,6,7,1068
2021-12-05,15,125,8,1,3,58,130,54,2,14,87,7,12,22,44,6,6,3,41,16,8,6,8,31,17,101,5,17,8,10,5,8,878
2021-12-06,81,655,43,3,6,378,399,235,8,65,309,17,23,116,360,15,18,12,140,49,32,51,16,137,45,306,30,95,14,26,42,30,3756
2021-12-07,79,596,40,2,9,281,378,183,3,61,291,11,15,99,316,11,14,12,101,24,26,50,13,96,32,306,32,87,19,28,30,29,3274
2021-12-08,78,542,45,5,2,286,296,173,5,53,238,9,11,118,301,10,7,19,96,23,22,36,6,100,26,270,17,67,12,24,26,25,2948
2021-12-09,85,461,54,2,10,224,269,148,6,33,254,15,12,119,351,11,17,11,129,27,24,41,13,94,30,230,14,56,8,35,18,44,2845
2021-12-10,92,455,52,1,5,277,428,152,4,25,229,22,18,87,287,16,19,13,74,18,23,33,19,82,47,209,8,36,7,38,24,26,2826
2021-12-11,14,104,20,4,2,66,139,56,1,9,104,9,6,30,88,5,10,5,24,10,14,6,3,50,9,81,4,13,3,25,4,9,927
2021-12-12,11,118,21,1,0,81,113,63,5,12,90,7,10,42,79,3,8,4,30,12,8,5,25,27,16,79,6,12,2,8,3,9,910
2021-12-13,106,525,74,2,5,313,357,172,2,48,284,20,18,121,442,12,22,14,127,18,29,31,27,88,45,269,14,50,4,32,12,38,3321
2021-12-14,69,398,86,5,4,321,378,164,3,43,273,17,11,68,281,11,22,24,108,26,24,31,10,66,37,208,9,40,6,23,25,49,2840
2021-12-15,64,399,88,1,4,328,425,144,9,46,248,15,11,72,281,8,13,14,95,29,26,36,22,108,36,186,6,37,3,31,21,24,2830
2021-12-16,84,326,94,5,7,262,434,143,2,45,256,11,9,109,255,5,18,19,92,9,22,44,40,89,40,201,11,52,8,29,19,28,2768
2021-12-17,55,327,70,0,5,232,429,162,4,44,202,9,16,102,251,10,11,20,89,18,20,30,31,74,51,151,14,31,5,22,17,42,2544
2021-12-18,16,97,88,2,1,88,246,62,2,11,92,8,13,23,63,4,4,13,40,8,23,9,35,59,15,80,5,12,6,14,7,12,1158
2021-12-19,18,89,70,5,1,71,192,57,4,9,130,2,11,28,37,2,8,10,30,6,9,7,40,30,19,49,9,17,2,5,6,14,987
2021-12-20,117,431,206,4,9,331,661,185,4,49,377,26,27,120,361,11,21,27,132,21,40,70,31,115,48,193,25,58,5,46,32,32,3815
2021-12-21,90,364,278,4,4,287,717,165,8,46,262,16,21,113,365,10,25,12,96,19,49,74,91,109,46,181,31,49,13,31,37,32,3645
2021-12-22,73,334,285,9,7,269,980,180,9,39,255,28,8,124,391,12,18,11,123,40,37,39,96,132,52,131,44,59,6,44,29,63,3927
2021-12-23,71,293,348,6,5,267,1059,141,6,34,311,18,25,120,325,11,25,11,136,40,58,62,114,145,49,164,37,77,11,75,49,39,4132
2021-12-24,68,176,348,1,0,207,889,116,5,28,216,15,30,86,266,11,22,10,125,33,27,38,108,120,56,119,24,58,4,22,44,41,3313
2021-12-25,14,60,183,2,0,55,199,44,1,12,49,2,18,32,47,11,5,4,47,13,24,28,82,21,17,48,5,41,2,12,11,22,1111
2021-12-26,33,83,187,9,3,95,504,87,9,17,147,32,30,75,78,6,7,3,82,29,22,12,182,91,38,63,4,38,5,11,17,14,2013
2021-12-27,231,495,728,23,10,446,2120,249,25,84,544,50,67,244,702,38,68,41,372,66,74,105,366,254,79,211,94,157,13,65,151,83,8255
2021-12-28,164,461,776,22,13,541,2725,291,15,85,644,52,92,260,871,44,41,44,488,62,81,120,505,356,110,230,115,194,22,55,221,126,9826
2021-12-29,163,510,1065,26,19,697,3198,379,20,97,545,57,137,284,1014,45,87,49,596,91,100,176,557,409,152,277,114,275,20,68,272,122,11621
2021-12-30,161,504,1005,26,24,681,3596,414,36,134,592,56,123,358,1002,42,109,66,633,87,114,194,668,555,216,288,143,377,25,79,295,170,12773
2021-12-31,141,468,871,14,23,587,2847,308,59,115,481,70,118,348,887,45,76,65,574,107,87,151,670,533,257,257,153,351,12,104,297,219,11295
2022-01-01,38,118,322,15,5,115,961,112,24,31,109,19,31,151,192,16,23,30,194,57,51,65,398,181,64,70,34,159,9,38,54,48,3734
2022-01-02,78,176,425,32,13,175,1606,160,49,51,270,47,73,202,300,28,35,55,201,80,72,85,523,284,127,184,60,185,17,78,87,70,5828
2022-01-03,403,936,1510,94,33,1154,6065,629,126,321,890,134,241,903,1842,149,215,201,1145,209,238,502,889,1276,626,564,493,668,51,298,701,489,23995
2022-01-04,453,1240,1754,109,75,1498,8658,836,234,445,1271,210,413,1196,2371,158,193,275,1520,343,325,579,1298,1678,804,762,502,818,93,357,847,634,31949
2022-01-05,513,1554,1664,124,90,1747,10664,1098,214,488,1542,241,474,1519,2695,233,222,376,1955,421,335,756,1433,2301,1058,929,640,987,93,433,933,760,38492
2022-01-06,584,1664,1822,117,122,1801,10723,1241,272,586,1685,312,447,1760,3191,232,256,483,2356,448,368,842,1447,2711,1188,944,844,1160,151,504,944,805,42010
2022-01-07,503,1787,2077,139,131,1889,11470,1273,258,636,1806,331,545,1950,3560,291,285,462,2732,471,444,932,1249,3431,1292,1142,830,1400,128,646,1071,796,45957
2022-01-08,161,602,835,85,81,553,5855,680,69,247,1106,195,247,799,1174,183,159,243,1131,365,243,250,854,2439,528,500,727,565,65,336,345,613,22235
2022-01-09,116,400,596,101,63,392,5080,705,233,245,902,256,284,747,915,143,169,237,1090,235,239,405,981,1336,378,519,310,534,57,360,309,380,18717
2022-01-10,685,2259,2168,158,227,2294,15361,2053,514,1084,2799,530,756,3365,5571,618,587,904,5224,753,728,1225,1629,4641,1780,1687,2035,2322,201,1079,1556,1250,68043
2022-01-11,860,2759,1984,259,227,2038,16551,2249,634,1084,2841,734,906,3360,6603,679,664,874,4870,725,828,1285,1658,3847,2028,1806,2291,2130,235,1113,1496,1318,70936
2022-01-12,785,3057,1650,269,327,1859,17471,2246,626,1037,3267,883,1011,3793,6990,799,632,893,5084,879,938,1345,1585,4088,2166,1807,2487,2130,265,1169,1667,1215,74420
2022-01-13,708,2617,1656,236,329,1990,16237,2267,669,904,3258,768,1006,4199,6904,875,760,1083,4896,1011,922,1558,1689,3611,2250,1795,2404,2331,250,1206,1531,1296,73216
2022-01-14,855,2667,1473,336,404,2143,16591,2308,611,1043,2930,843,921,4027,6882,801,729,1014,4885,897,879,1554,1235,3913,2108,1532,2726,1924,230,1320,1354,1173,72308
2022-01-15,182,673,596,142,411,552,7954,1119,276,300,953,460,473,1241,1735,327,423,462,1918,537,485,840,765,2556,1104,641,1362,831,129,771,356,448,31022
2022-01-16,169,471,346,112,286,344,5437,667,432,170,733,479,459,1210,1478,461,600,311,1473,416,480,615,449,1694,989,732,587,508,87,605,238,306,23344
2022-01-17,1505,2738,1617,283,576,2418,16337,2275,782,1027,2931,1031,1250,4320,7782,991,664,1263,6536,1187,1183,2089,1133,3094,2325,1677,3409,1979,365,1649,1915,1320,79651
2022-01-18,1169,1882,1263,290,468,2149,15815,2223,790,822,2931,958,1132,3865,7323,950,632,1090,6028,1258,1228,2312,1139,3042,1899,1587,3062,1880,442,1598,1618,1284,74129
2022-01-19,863,1544,1084,306,432,1777,16446,2115,871,775,2950,778,1035,3298,6350,733,572,1103,5675,1300,1197,2167,1208,2721,1787,1485,2916,1569,456,1710,1440,1068,69731
2022-01-20,1103,1287,1025,382,702,1620,15108,1865,823,699,2651,825,885,2991,5919,760,584,1068,4737,1204,1236,2211,771,2729,1444,1488,2108,1454,481,1756,1527,1082,64525
2022-01-21,765,1131,912,343,465,1770,14031,1514,632,424,2421,709,866,2688,5396,610,676,848,3479,1185,1275,1612,653,2721,1428,1518,1841,1039,446,1278,1388,936,57000
2022-01-22,96,351,474,103,411,443,6719,640,314,122,974,377,493,1047,1772,273,469,445,1366,618,588,492,405,1640,735,715,619,529,165,784,248,308,24735
2022-01-23,131,228,218,142,288,647,4211,507,407,112,1005,282,634,852,1289,196,285,354,916,521,608,392,237,1176,574,489,342,352,159,781,233,179,18747
2022-01-24,944,1056,1014,372,638,1980,12758,1606,972,621,3165,771,1001,3039,5557,698,666,836,4848,1497,1504,1606,553,2207,1518,1646,1708,1267,580,1929,1399,796,60752
2022-01-25,953,841,760,405,690,1609,10550,1339,828,369,2504,768,808,2178,4141,612,638,708,3956,1363,1416,1401,455,1901,1151,1224,1492,1117,552,1657,1074,633,50093
2022-01-26,763,590,632,368,495,1388,10176,1095,883,303,2359,639,765,1945,3593,580,505,633,3188,1416,1367,1291,376,1910,1078,1076,1167,956,550,1712,1031,552,45382
2022-01-27,885,541,671,307,491,1290,8496,898,757,256,2129,708,892,1882,3382,500,630,623,2523,1049,1355,1219,350,1452,980,1001,1016,923,491,1703,724,458,40582
2022-01-28,639,454,633,252,454,1143,7623,696,635,289,1646,532,721,1657,3398,472,445,525,2095,1074,1195,1084,263,1176,909,908,954,687,459,1427,774,363,35582
2022-01-29,156,172,256,124,258,209,3968,324,286,110,1386,300,360,658,1131,198,491,261,905,605,628,336,156,653,472,407,262,283,128,598,161,172,16414
2022-01-30,103,149,164,138,349,253,2345,255,389,59,848,268,343,618,987,139,231,205,866,391,450,225,128,270,309,338,118,185,152,529,120,114,12038
2022-01-31,817,581,718,339,398,1161,6555,597,706,271,1516,566,942,1903,3785,618,562,519,2603,1120,1199,1068,223,1086,967,1037,812,841,540,1551,695,377,36673
2022-02-01,536,352,435,289,341,896,5579,446,613,190,1690,516,687,1320,2504,417,220,450,1659,915,1168,841,166,786,692,876,583,614,453,1636,513,308,28691
2022-02-02,397,258,407,264,294,817,4966,467,544,153,1498,447,670,1226,2295,418,307,388,1426,867,1120,757,152,851,666,785,551,529,355,1514,503,263,26155
2022-02-03,454,296,381,286,330,508,4721,269,478,108,1108,399,522,1130,2191,343,270,333,1048,775,984,632,136,604,583,613,480,415,348,1255,401,232,22633
2022-02-04,361,255,344,178,417,521,4210,231,375,135,794,360,487,986,2043,300,354,266,658,660,957,515,99,488,435,549,403,267,280,983,360,155,19426
2022-02-05,71,69,148,51,224,170,2022,85,182,59,624,143,248,339,715,124,233,133,330,373,437,139,59,253,182,230,81,193,93,425,65,51,8551
2022-02-06,48,88,89,63,193,105,1151,79,155,31,393,108,264,322,526,93,198,108,202,232,351,135,31,101,103,180,49,106,152,354,57,67,6134
2022-02-07,175,88,129,124,176,238,1301,84,296,41,623,176,353,568,921,180,152,152,315,407,536,201,59,228,166,246,151,201,208,618,50,27,9190
2022-02-08,423,245,365,188,306,471,3790,229,396,87,1322,310,464,864,1883,409,320,352,757,694,976,549,68,432,447,593,243,292,391,968,304,152,19290
2022-02-09,283,193,292,141,177,308,2883,206,272,69,782,231,377,547,1342,288,116,254,647,598,873,383,71,318,389,458,227,251,310,915,210,98,14509
2022-02-10,274,169,267,128,226,236,2693,189,242,65,626,195,369,418,1248,311,140,207,536,599,792,416,58,353,296,364,221,254,247,847,187,102,13275
2022-02-11,245,151,249,95,210,350,2491,125,159,62,434,148,391,584,1116,235,195,196,509,467,693,321,49,300,218,282,206,232,250,830,180,99,12072
2022-02-12,46,80,83,48,105,141,1108,33,64,24,504,83,212,269,421,102,143,99,210,256,307,91,31,175,93,135,54,80,106,394,113,43,5653
2022-02-13,20,69,68,34,125,83,713,27,129,13,680,57,191,302,316,69,82,63,112,186,248,77,20,72,222,103,30,64,93,274,61,59,4662
2022-02-14,266,178,261,145,166,354,2111,115,188,43,927,146,431,741,1317,296,219,222,449,443,662,322,51,289,391,364,164,234,325,833,149,77,12879
2022-02-15,240,110,231,77,251,326,1926,86,168,44,954,128,292,328,847,204,114,158,281,314,558,244,28,215,442,231,119,129,196,572,103,114,10030
2022-02-16,196,83,198,83,139,228,2056,93,147,34,742,119,272,345,873,172,123,162,307,312,495,225,24,162,415,216,151,140,197,602,115,39,9465
2022-02-17,249,83,177,90,160,183,1921,57,110,33,621,107,339,402,805,159,220,129,325,297,482,245,31,218,324,171,106,120,135,560,75,43,8977
2022-02-18,143,93,201,44,213,147,1727,55,107,31,538,101,246,347,766,132,148,110,227,235,409,193,31,157,223,194,98,92,133,515,77,61,7794
2022-02-19,66,30,45,18,109,22,840,22,47,10,95,48,97,166,269,43,163,35,102,140,221,61,17,116,157,94,30,44,80,235,22,43,3487
2022-02-20,20,37,37,45,105,19,580,23,40,7,162,40,160,162,245,41,94,45,62,132,164,58,13,44,121,161,12,42,41,223,6,65,3006
2022-02-21,202,101,205,86,89,131,1657,82,117,29,329,81,221,340,750,157,124,93,261,286,504,240,33,168,284,255,130,103,143,607,92,42,7942
2022-02-22,162,65,167,52,150,97,1301,47,92,23,234,57,190,235,596,104,86,112,218,200,405,194,34,133,200,165,73,80,150,455,54,93,6224
2022-02-23,161,68,162,41,122,102,1165,43,83,23,183,48,157,229,555,104,59,98,199,215,481,170,30,116,172,103,86,89,104,469,70,51,5758
2022-02-24,158,35,138,63,98,77,1023,43,55,21,388,72,118,155,464,109,52,83,156,172,386,139,32,94,166,142,52,44,112,392,56,63,5158
2022-02-25,82,41,124,27,64,77,1011,34,60,23,236,34,100,137,348,76,71,53,126,151,290,121,23,78,175,110,66,60,60,327,55,46,4286
2022-02-26,21,18,18,9,19,10,466,20,25,10,41,21,47,49,112,20,23,18,45,77,131,26,8,44,77,32,19,23,20,135,12,36,1632
2022-02-27,11,13,48,10,65,15,284,19,18,3,32,18,37,43,77,31,30,13,41,75,99,19,11,27,56,31,9,21,25,144,9,15,1349
2022-02-28,478,62,152,31,55,73,965,58,57,24,143,38,140,136,433,99,87,54,145,178,336,135,24,92,147,126,44,53,120,357,58,58,4958
2022-03-01,69,38,75,24,32,86,766,45,49,18,102,34,98,93,309,49,47,49,90,99,255,96,21,63,99,82,31,89,75,286,49,88,3406
2022-03-02,77,32,83,23,16,60,671,40,36,19,98,24,95,92,268,35,27,38,90,96,217,78,10,39,106,60,43,71,65,295,41,27,2972
2022-03-03,62,45,88,25,34,60,597,31,32,14,66,22,92,87,289,27,27,38,98,85,224,86,15,63,105,59,29,74,57,268,26,45,2870
2022-03-04,71,31,64,35,19,59,629,29,26,13,78,25,56,90,252,44,26,25,68,88,181,66,15,57,103,52,35,51,51,243,28,44,2654
2022-03-05,14,14,20,3,8,21,276,24,9,5,46,9,32,33,86,24,15,9,29,49,69,21,4,17,38,25,9,25,28,65,10,8,1045
2022-03-06,11,12,21,4,6,13,219,15,5,1,31,9,29,26,60,9,13,8,26,48,69,18,14,8,23,12,11,12,8,95,11,10,857
2022-03-07,118,37,62,29,24,85,616,35,40,24,90,25,93,102,279,63,22,12,64,88,185,80,11,57,104,77,31,78,57,301,48,14,2951
2022-03-08,73,20,68,20,30,63,493,39,19,9,77,21,54,67,228,24,22,19,70,74,135,86,5,47,65,96,22,62,47,276,26,10,2367
2022-03-09,102,24,56,19,22,71,477,47,19,20,87,13,40,87,171,33,26,15,51,77,138,40,12,52,55,113,17,50,46,254,25,27,2286
2022-03-10,77,63,43,17,20,51,480,37,22,6,101,13,59,81,186,38,14,13,28,83,141,52,8,30,53,86,8,94,34,185,27,11,2161
2022-03-11,77,45,30,10,2,61,439,24,14,12,58,11,40,60,150,19,19,14,22,64,114,129,9,29,46,37,14,33,21,173,11,8,1795
2022-03-12,7,6,16,2,9,6,204,13,6,6,27,6,18,23,54,19,16,4,16,28,58,28,9,14,16,11,4,12,16,56,2,2,714
2022-03-13,8,9,19,6,1,9,120,12,9,2,21,9,13,19,47,17,15,14,15,30,43,33,1,5,23,11,22,16,23,69,6,3,650
2022-03-14,112,53,45,19,14,82,472,29,22,14,77,20,43,110,203,19,32,14,63,69,111,74,13,34,66,35,20,23,46,184,39,8,2165
2022-03-15,106,48,49,13,19,77,414,17,12,8,54,12,43,81,123,27,54,15,47,31,100,49,15,38,37,16,17,16,27,205,21,10,1801
2022-03-16,56,49,37,10,6,21,319,30,11,2,55,15,74,50,123,18,50,11,39,46,75,44,12,34,53,18,16,20,20,165,22,5,1506
2022-03-17,68,36,43,6,9,23,336,14,11,6,57,13,75,34,134,24,19,12,44,43,73,23,7,29,43,18,21,17,26,125,9,30,1428
2022-03-18,53,29,32,7,2,20,296,15,8,5,44,9,64,44,118,11,21,9,50,45,82,42,11,28,30,13,11,19,17,104,15,0,1254
2022-03-19,4,3,14,4,9,8,155,5,8,1,14,2,11,5,28,5,4,2,13,12,34,14,7,13,10,11,3,4,6,57,2,0,468
2022-03-20,4,4,8,5,6,8,79,3,4,0,10,3,4,12,26,1,2,3,13,9,17,6,5,4,15,7,0,7,5,34,1,0,305
2022-03-21,7,7,14,8,4,8,134,5,13,4,12,7,74,14,43,8,12,2,20,14,46,8,4,10,18,1,4,4,10,39,1,1,556
2022-03-22,79,49,33,18,4,40,386,13,23,14,48,17,42,45,166,19,32,13,66,57,61,42,21,35,54,12,18,14,17,126,29,9,1602
2022-03-23,61,35,45,15,2,34,317,16,17,11,39,7,20,66,147,18,12,18,35,26,41,29,10,26,33,21,5,25,12,98,13,15,1269
2022-03-24,67,44,33,8,2,27,281,4,15,8,51,8,22,50,117,12,10,9,39,29,57,21,13,22,28,13,7,18,17,101,12,7,1152
2022-03-25,75,35,29,5,2,21,291,6,8,11,32,7,12,37,132,13,10,11,20,33,45,19,11,30,22,11,2,17,33,68,8,7,1063
2022-03-26,3,9,5,5,14,3,96,3,7,2,9,0,9,9,41,2,4,5,10,6,19,5,3,7,17,6,4,13,4,39,4,2,365
2022-03-27,4,5,6,5,5,0,115,8,6,1,10,3,3,8,41,4,2,10,7,8,20,5,6,1,9,6,1,7,5,28,1,0,340
2022-03-28,70,52,22,12,3,36,321,13,14,20,25,13,22,64,160,8,15,17,31,38,58,26,16,40,25,22,10,16,18,107,14,6,1314
2022-03-29,56,35,21,19,3,28,296,6,9,11,45,8,23,41,129,8,14,16,28,36,59,29,12,34,29,13,8,22,6,88,15,14,1161
2022-03-30,75,26,17,12,5,34,280,7,16,13,22,10,25,49,121,11,7,33,35,21,43,26,18,21,12,19,8,20,8,94,14,7,1109
2022-03-31,46,28,28,6,4,27,220,17,15,12,42,4,14,36,109,9,12,11,24,17,47,24,8,19,27,14,6,22,10,79,10,3,950
2022-04-01,39,21,26,5,2,11,186,5,7,2,20,6,8,25,87,7,7,6,19,15,34,8,11,20,18,10,6,9,25,40,12,7,704
2022-04-02,8,5,6,3,4,3,133,2,10,0,10,1,3,12,22,3,2,4,5,7,21,1,10,9,5,4,2,4,2,15,2,2,320
2022-04-03,2,5,9,5,0,5,77,1,5,0,9,1,4,11,36,0,2,8,4,8,15,1,9,6,10,2,2,2,2,17,2,1,261
2022-04-04,47,33,30,13,2,29,227,10,17,10,23,5,13,38,115,11,15,15,14,19,57,9,12,28,35,12,2,9,9,54,19,5,937
2022-04-05,33,38,20,3,3,14,195,6,12,10,29,9,10,33,69,7,9,18,16,38,21,10,19,21,18,16,8,15,9,25,10,3,747
2022-04-06,41,29,16,4,4,28,228,8,8,2,16,1,6,29,68,8,10,8,24,19,29,16,13,18,25,13,2,19,2,37,22,2,755
2022-04-07,34,33,40,4,2,24,217,5,12,2,18,6,8,32,73,3,3,6,14,17,28,7,8,14,17,10,2,19,7,32,13,3,713
2022-04-08,28,24,14,3,3,18,184,4,16,4,20,2,7,18,51,6,15,4,23,22,33,12,15,11,20,11,3,17,2,31,16,0,637
2022-04-09,0,7,6,0,7,6,105,3,5,2,5,2,1,7,26,1,0,6,4,10,17,3,14,6,10,1,4,5,2,12,4,1,282
2022-04-10,1,1,0,3,2,3,66,6,6,2,6,1,5,3,29,1,1,0,7,3,13,2,6,13,2,3,0,5,0,16,1,1,208
2022-04-11,34,27,27,8,2,20,170,5,12,7,13,0,7,29,69,11,2,10,21,26,21,16,18,29,16,6,12,14,5,44,23,5,709
2022-04-12,46,25,19,1,4,19,206,10,3,2,11,1,5,16,59,12,3,8,12,18,23,13,10,6,12,8,9,9,7,42,16,2,637
2022-04-13,33,20,11,3,0,14,243,3,2,3,6,3,6,16,68,2,1,3,9,18,24,5,10,11,20,4,4,7,3,30,22,0,604
2022-04-14,1,6,12,5,0,2,72,3,3,2,8,2,4,8,17,0,1,3,9,5,8,6,10,7,7,1,2,3,2,16,11,4,240
2022-04-15,1,8,8,2,1,2,46,1,6,0,3,1,5,1,13,1,3,7,11,6,16,2,7,1,3,2,2,2,0,8,1,0,170
2022-04-16,0,4,2,1,3,1,57,3,3,0,3,1,1,4,19,1,1,1,5,4,9,2,2,9,1,2,1,2,3,10,2,0,157
2022-04-17,3,2,10,2,0,0,43,3,4,1,2,3,5,8,17,3,1,3,6,4,5,2,7,6,0,7,0,5,1,16,6,1,176
2022-04-18,39,24,14,7,2,21,274,1,14,3,21,3,8,16,66,6,3,8,23,25,19,15,27,19,23,9,3,16,4,40,37,2,792
2022-04-19,24,26,12,2,2,14,155,3,5,2,8,3,5,22,66,4,3,6,12,14,12,13,8,14,10,14,3,7,3,21,27,1,521
2022-04-20,34,30,11,2,3,14,210,3,3,5,29,7,8,17,62,6,1,2,6,35,18,13,13,19,14,10,7,22,4,53,18,0,679
2022-04-21,24,9,12,4,1,15,177,4,9,3,7,8,2,15,35,3,3,2,5,22,20,7,9,19,24,4,6,10,3,28,23,1,514
2022-04-22,28,7,7,0,1,19,162,0,2,6,18,1,3,10,47,3,4,3,8,21,19,16,9,8,12,6,1,6,2,23,31,3,486
2022-04-23,2,2,8,1,0,8,80,4,1,1,4,0,2,8,19,1,0,1,5,4,10,2,6,6,8,1,0,3,1,9,2,1,200
2022-04-24,1,2,1,3,0,0,117,2,2,1,3,0,0,9,11,2,1,2,0,8,11,0,11,4,3,2,1,1,0,16,5,2,221
2022-04-25,56,25,16,5,1,18,186,4,3,16,17,2,11,25,57,6,1,11,19,28,23,10,17,18,11,11,2,6,6,52,44,8,715
2022-04-26,25,23,24,1,1,8,163,4,9,8,11,6,3,17,36,6,6,5,7,22,13,11,7,16,6,12,4,5,4,79,38,3,583
2022-04-27,21,25,18,3,1,9,200,3,6,1,8,3,2,22,40,5,1,4,6,18,9,7,10,21,10,7,5,8,2,51,25,5,556
2022-04-28,33,17,12,4,3,9,134,2,2,2,7,2,5,13,35,2,3,10,5,16,16,8,11,13,11,4,10,8,0,34,24,1,456
2022-04-29,19,15,6,1,1,2,63,2,2,0,2,0,3,3,12,3,1,2,2,10,12,5,4,7,1,2,3,3,0,39,27,3,255
2022-04-30,0,0,0,0,0,0,1,0,0,0,0,0,0,0,0,0,0,0,0,0,0,0,0,0,0,0,0,0,0,0,0,0,1
