Date,FB,TWTR,NFLX
2013-11-07,47.560001,44.900002,46.694286
2013-11-08,47.529999,41.650002,47.842857
2013-11-11,46.200001,42.900002,48.272858
2013-11-12,46.610001,41.900002,47.675713
2013-11-13,48.709999,42.599998,47.897144
2013-11-14,48.990002,44.689999,48.938572
2013-11-15,49.009998,43.98,49.965714
2013-11-18,45.830002,41.139999,48.824287
2013-11-19,46.360001,41.75,48.18428400000001
2013-11-20,46.43,41.049999,48.502857
2013-11-21,46.700001,42.060001,49.785713
2013-11-22,46.23,41.0,49.692856
2013-11-25,44.82,39.060001,50.034286
2013-11-26,45.889999,40.18,50.742859
2013-11-27,46.490002,40.900002,51.784286
2013-11-29,47.009998,41.57,52.257141
2013-12-02,47.060001,40.779999,51.988571
2013-12-03,46.73,41.369999,51.848572
2013-12-04,48.619999,43.689999,50.895714
2013-12-05,48.34,45.619999,51.151428
2013-12-06,47.939999,44.950001,50.634285
2013-12-09,48.84,49.139999,50.810001
2013-12-10,50.25,51.990002,51.871429
2013-12-11,49.380001,52.34,51.997143
2013-12-12,51.830002,55.330002,53.332859
2013-12-13,53.32,59.0,52.709999
2013-12-16,53.810001,56.610001,52.330002
2013-12-17,54.860001,56.450001,53.55285600000001
2013-12-18,55.57,55.509998,53.748573
2013-12-19,55.049999,57.490002,53.82
2013-12-20,55.119999,60.009998,53.667141
2013-12-23,57.77,64.540001,54.368572
2013-12-24,57.959999,69.959999,54.055714
2013-12-26,57.73,73.309998,53.847141
2013-12-27,55.439999,63.75,52.5
2013-12-30,53.709999,60.509998,52.427143
2013-12-31,54.650002,63.650002,52.59571500000001
2014-01-02,54.709999,67.5,51.831429
2014-01-03,54.560001,69.0,51.871429
2014-01-06,57.200001,66.290001,51.367142
2014-01-07,57.919998,61.459999,48.5
2014-01-08,58.23,59.290001,48.712856
2014-01-09,57.220001,57.049999,48.150002
2014-01-10,57.939999,57.0,47.44857
2014-01-13,55.91,57.82,48.115715
2014-01-14,57.740002,58.209999,48.279999
2014-01-15,57.599998,61.57,47.197144
2014-01-16,57.189999,60.57,47.382858
2014-01-17,56.299999,62.200001,47.148571
2014-01-21,58.509998,62.529999,46.958572
2014-01-22,57.509998,62.439999,47.675713
2014-01-23,56.630001,62.799999,55.531429
2014-01-24,54.450001,61.740002,55.154285
2014-01-27,53.549999,57.91,54.46143000000001
2014-01-28,55.139999,60.439999,58.110001
2014-01-29,53.529999,59.450001,57.202858
2014-01-30,61.080002,63.470001,57.810001
2014-01-31,62.57,64.5,58.47571600000001
2014-02-03,61.48,65.25,57.76857
2014-02-04,62.75,66.32,57.987144
2014-02-05,62.189999,65.970001,57.774284
2014-02-06,62.16,50.029999,58.27285799999999
2014-02-07,64.32,54.349998,61.425713
2014-02-10,63.549999,52.919998,61.491428000000006
2014-02-11,64.849998,54.0,61.998573
2014-02-12,64.449997,56.849998,61.27571500000001
2014-02-13,67.33000200000001,56.470001,62.364285
2014-02-14,67.089996,57.439999,62.215714
2014-02-18,67.300003,58.18,62.40714300000001
2014-02-19,68.059998,55.5,61.175713
2014-02-20,69.629997,56.630001,62.13571500000001
2014-02-21,68.589996,55.919998,61.74714300000001
2014-02-24,70.779999,55.779999,63.85714300000001
2014-02-25,69.849998,54.959999,64.718575
2014-02-26,69.260002,55.869999,64.112854
2014-02-27,68.940002,55.77,64.604286
2014-02-28,68.459999,54.91,63.66143
2014-03-03,67.410004,53.709999,63.65571600000001
2014-03-04,68.800003,54.279999,64.997147
2014-03-05,71.57,54.380001,64.785713
2014-03-06,70.839996,54.830002,64.358574
2014-03-07,69.800003,53.529999,64.052856
2014-03-10,72.029999,53.880001,62.849998
2014-03-11,70.099998,54.02,62.49714300000001
2014-03-12,70.879997,54.5,62.368572
2014-03-13,68.83000200000001,53.57,61.437141
2014-03-14,67.720001,51.919998,60.64143000000001
2014-03-17,68.739998,52.049999,60.388573
2014-03-18,69.190002,51.130001,60.035713
2014-03-19,68.239998,51.240002,60.012856000000006
2014-03-20,66.970001,50.119999,60.610001
2014-03-21,67.239998,50.919998,57.998573
2014-03-24,64.099998,48.77,54.128571
2014-03-25,64.889999,47.880001,52.97714200000001
2014-03-26,60.389999,44.43,53.182858
2014-03-27,60.970001,46.32,52.02571500000001
2014-03-28,60.009998,47.299999,51.267143
2014-03-31,60.240002,46.669998,50.290001
2014-04-01,62.619999,46.98,52.098572
2014-04-02,62.720001,45.73,51.84
2014-04-03,59.490002,44.049999,50.669998
2014-04-04,56.75,43.139999,48.187141
2014-04-07,56.950001,42.450001,48.285713
2014-04-08,58.189999,41.779999,49.841427
2014-04-09,62.41,42.490002,50.432858
2014-04-10,59.16,41.34,47.818573
2014-04-11,58.529999,40.049999,46.672855
2014-04-14,58.889999,40.869999,47.368572
2014-04-15,59.09,45.52,46.610001
2014-04-16,59.720001,44.419998,47.344284
2014-04-17,58.939999,45.009998,49.39143
2014-04-21,61.240002,46.130001,49.784286
2014-04-22,63.029999,46.02,53.271427
2014-04-23,61.360001,45.950001,50.5
2014-04-24,60.869999,44.82,49.152859
2014-04-25,57.709999,41.610001,46.011429
2014-04-28,56.139999,40.73,44.887142
2014-04-29,58.150002,42.619999,45.695713
2014-04-30,59.779999,38.970001,46.00571400000001
2014-05-01,61.150002,39.09,48.074287
2014-05-02,60.459999,39.02,48.664288
2014-05-05,61.220001,38.75,49.197144
2014-05-06,58.529999,31.85,46.598572
2014-05-07,57.389999,30.66,45.791428
2014-05-08,56.759998,31.959999,45.951427
2014-05-09,57.240002,32.049999,46.935715
2014-05-12,59.830002,33.939999,49.349998
2014-05-13,59.830002,33.389999,49.591427
2014-05-14,59.23,32.849998,50.26857
2014-05-15,57.919998,32.77,49.169998
2014-05-16,58.02,32.259998,49.982857
2014-05-19,59.209999,32.07,52.07143
2014-05-20,58.560001,31.77,53.09571500000001
2014-05-21,60.490002,31.75,55.799999
2014-05-22,60.52,31.52,55.971428
2014-05-23,61.349998,30.5,57.478573
2014-05-27,63.48,30.51,56.972858
2014-05-28,63.509998,33.77,57.32
2014-05-29,63.830002,34.0,59.314285
2014-05-30,63.299999,32.439999,59.689999
2014-06-02,63.080002,31.75,60.294285
2014-06-03,62.869999,32.580002,59.652859
2014-06-04,63.34,32.900002,60.458572
2014-06-05,63.189999,33.889999,61.192856000000006
2014-06-06,62.5,33.330002,61.447144
2014-06-09,62.880001,34.470001,60.44142900000001
2014-06-10,65.769997,35.369999,61.184284
2014-06-11,65.779999,35.54000100000001,61.42856999999999
2014-06-12,64.290001,36.790001,60.349998
2014-06-13,64.5,36.900002,61.101429
2014-06-16,64.190002,38.02,61.465714
2014-06-17,64.400002,38.02,63.378571
2014-06-18,65.599998,38.740002,64.097145
2014-06-19,64.339996,38.900002,63.055714
2014-06-20,64.5,39.240002,62.882858
2014-06-23,65.370003,39.52,62.78856999999999
2014-06-24,65.720001,38.48,62.33714300000001
2014-06-25,67.440002,39.459999,63.458572
2014-06-26,67.129997,41.439999,62.80143
2014-06-27,67.599998,40.93,63.154285
2014-06-30,67.290001,40.970001,62.942856000000006
2014-07-01,68.059998,42.049999,67.585716
2014-07-02,66.449997,41.77,66.677139
2014-07-03,66.290001,41.330002,67.478569
2014-07-07,65.290001,40.23,65.802856
2014-07-08,62.759998,37.41,63.578571
2014-07-09,64.970001,38.060001,63.285713
2014-07-10,64.870003,37.84,62.650002
2014-07-11,66.339996,38.330002,62.851429
2014-07-14,67.900002,38.310001,64.654289
2014-07-15,67.16999799999999,37.880001,64.155716
2014-07-16,67.660004,37.43,63.491428000000006
2014-07-17,66.410004,36.869999,62.765713
2014-07-18,68.41999799999999,37.049999,63.452858
2014-07-21,69.400002,38.049999,64.564285
2014-07-22,69.269997,37.650002,61.584286
2014-07-23,71.290001,37.75,61.128571
2014-07-24,74.980003,38.709999,60.76857
2014-07-25,75.190002,38.16,60.265713
2014-07-28,74.91999799999998,37.93,60.665714
2014-07-29,73.709999,38.59,60.611427
2014-07-30,74.68,46.299999,62.05143
2014-07-31,72.650002,45.189999,60.388573
2014-08-01,72.360001,44.130001,60.771427
2014-08-04,73.510002,43.470001,60.38571500000001
2014-08-05,72.690002,43.830002,60.40714300000001
2014-08-06,72.470001,43.459999,61.471428
2014-08-07,73.16999799999998,43.0,64.238571
2014-08-08,73.059998,43.130001,63.692856000000006
2014-08-11,73.440002,43.27,64.505714
2014-08-12,72.83000200000002,43.810001,63.77285799999999
2014-08-13,73.769997,44.150002,64.504288
2014-08-14,74.300003,45.330002,64.410004
2014-08-15,73.629997,44.759998,65.584282
2014-08-18,74.589996,45.119999,66.571426
2014-08-19,75.290001,45.09,66.878571
2014-08-20,74.809998,45.060001,67.455711
2014-08-21,74.57,45.110001,67.435715
2014-08-22,74.57,45.98,68.455711
2014-08-25,75.019997,46.099998,68.704285
2014-08-26,75.959999,48.169998,68.480003
2014-08-27,74.629997,48.060001,67.814285
2014-08-28,73.860001,49.43,67.887146
2014-08-29,74.82,49.75,68.23428299999999
2014-09-02,76.68,51.02,68.085716
2014-09-03,75.83000200000002,49.330002,68.19856999999999
2014-09-04,75.949997,50.240002,67.524284
2014-09-05,77.260002,50.700001,67.954285
2014-09-08,77.889999,52.0,68.475716
2014-09-09,76.66999799999998,50.610001,68.43
2014-09-10,77.43,52.91,69.19856999999999
2014-09-11,77.91999799999998,52.639999,68.794289
2014-09-12,77.480003,52.110001,68.078575
2014-09-15,74.58000200000002,49.380001,65.39286
2014-09-16,76.08000200000002,50.830002,65.272858
2014-09-17,76.43,50.700001,64.932854
2014-09-18,77.0,50.880001,65.572861
2014-09-19,77.910004,53.0,65.360001
2014-09-22,76.800003,51.939999,63.254284
2014-09-23,78.290001,52.169998,63.414288
2014-09-24,78.540001,52.959999,64.36571500000001
2014-09-25,77.220001,51.450001,63.355713
2014-09-26,78.790001,51.889999,64.10714
2014-09-29,79.0,51.740002,64.22285500000001
2014-09-30,79.040001,51.580002,64.454285
2014-10-01,76.550003,50.060001,62.685715
2014-10-02,77.08000200000002,51.849998,64.28286
2014-10-03,77.440002,53.939999,65.648575
2014-10-06,77.559998,53.490002,66.211426
2014-10-07,76.290001,53.529999,65.178574
2014-10-08,77.519997,55.419998,66.694283
2014-10-09,75.910004,55.290001,65.945717
2014-10-10,72.910004,50.400002,64.58285500000001
2014-10-13,72.989998,48.490002,62.654285
2014-10-14,73.589996,48.580002,64.160004
2014-10-15,73.209999,49.990002,64.084282
2014-10-16,72.629997,48.23,51.671429
2014-10-17,75.949997,48.77,51.012856
2014-10-20,76.949997,50.700001,51.317142
2014-10-21,78.690002,50.630001,52.284286
2014-10-22,78.370003,49.080002,53.521427
2014-10-23,80.040001,49.669998,54.720001
2014-10-24,80.66999799999998,49.950001,55.00285699999999
2014-10-27,80.279999,48.560001,54.200001
2014-10-28,80.769997,43.779999,55.174286
2014-10-29,75.860001,42.080002,54.014286
2014-10-30,74.110001,41.799999,54.144287
2014-10-31,74.989998,41.470001,56.110001
2014-11-03,73.879997,40.209999,55.487144
2014-11-04,75.760002,40.900002,54.682858
2014-11-05,74.83000200000002,40.369999,54.34
2014-11-06,75.260002,40.84,54.757141
2014-11-07,75.599998,40.310001,54.880001
2014-11-10,75.0,39.59,55.324287
2014-11-11,74.610001,39.59,54.650002
2014-11-12,74.720001,42.540001,54.83714300000001
2014-11-13,74.25,40.040001,54.201427
2014-11-14,74.879997,41.849998,55.148571
2014-11-17,74.239998,40.470001,54.44857
2014-11-18,74.339996,40.610001,54.432858
2014-11-19,73.33000200000002,39.709999,51.871429
2014-11-20,73.599998,39.810001,52.591427
2014-11-21,73.75,40.029999,51.468571
2014-11-24,74.010002,40.189999,50.924286
2014-11-25,75.629997,39.759998,49.855713
2014-11-26,77.620003,41.130001,50.165714
2014-11-28,77.699997,41.740002,49.512856
2014-12-01,75.099998,39.040001,48.830002
2014-12-02,75.459999,38.91,50.330002
2014-12-03,74.879997,39.060001,50.73143
2014-12-04,75.239998,38.790001,50.085712
2014-12-05,76.360001,38.490002,50.131428
2014-12-08,76.519997,36.290001,48.497143
2014-12-09,76.839996,37.049999,49.111427
2014-12-10,76.18,36.349998,47.759998
2014-12-11,77.730003,36.700001,47.804287
2014-12-12,77.83000200000002,37.099998,47.782856
2014-12-15,76.989998,36.849998,46.720001
2014-12-16,74.690002,35.130001,45.20571500000001
2014-12-17,76.110001,35.57,47.664288
2014-12-18,78.400002,36.73,47.774284
2014-12-19,79.879997,37.080002,48.58857
2014-12-22,81.449997,38.43,48.097141
2014-12-23,80.610001,37.57,48.061428
2014-12-24,80.769997,37.610001,48.871429
2014-12-26,80.779999,37.599998,48.578571
2014-12-29,80.019997,36.419998,48.847141
2014-12-30,79.220001,35.86000100000001,49.032856
2014-12-31,78.019997,35.869999,48.80143
2015-01-02,78.449997,36.560001,49.848572
2015-01-05,77.190002,36.380001,47.311428
2015-01-06,76.150002,38.759998,46.501427
2015-01-07,76.150002,37.279999,46.742859
2015-01-08,78.18,39.09,47.779999
2015-01-09,77.739998,40.169998,47.041428
2015-01-12,76.720001,39.369999,45.547142
2015-01-13,76.449997,39.650002,46.25571400000001
2015-01-14,76.279999,39.849998,46.32
2015-01-15,74.050003,36.93,46.251427
2015-01-16,75.18,37.310001,48.191429
2015-01-20,76.239998,37.57,49.828571
2015-01-21,76.739998,37.830002,58.468571
2015-01-22,77.650002,39.07,61.20571500000001
2015-01-23,77.83000200000002,39.419998,62.494286
2015-01-26,77.5,40.099998,63.794285
2015-01-27,75.779999,38.919998,64.88143199999999
2015-01-28,76.239998,37.150002,63.208572
2015-01-29,78.0,36.68,63.400002
2015-01-30,75.910004,37.529999,63.114285
2015-02-02,74.989998,37.459999,63.009998
2015-02-03,75.400002,39.790001,65.274284
2015-02-04,75.629997,40.720001,64.101425
2015-02-05,75.610001,41.259998,64.129997
2015-02-06,74.470001,48.009998,63.48
2015-02-09,74.440002,47.32,63.295715
2015-02-10,75.190002,46.259998,64.849998
2015-02-11,76.510002,47.5,64.98428299999999
2015-02-12,76.230003,47.950001,65.247147
2015-02-13,75.739998,48.5,66.585716
2015-02-17,75.599998,48.029999,67.137146
2015-02-18,76.709999,47.82,67.86571500000001
2015-02-19,79.41999799999998,48.700001,67.800003
2015-02-20,79.900002,49.110001,68.314285
2015-02-23,78.839996,48.470001,67.405716
2015-02-24,78.449997,48.689999,67.839996
2015-02-25,79.559998,48.549999,68.33285500000001
2015-02-26,80.410004,49.41,69.004288
2015-02-27,78.970001,48.080002,67.844284
2015-03-02,79.75,48.150002,68.60714
2015-03-03,79.599998,47.709999,67.815712
2015-03-04,80.900002,47.57,67.110001
2015-03-05,81.209999,47.349998,66.807144
2015-03-06,80.010002,46.75,64.87428299999999
2015-03-09,79.440002,47.59,63.66143
2015-03-10,77.550003,45.84,62.151428
2015-03-11,77.57,46.27,62.884285
2015-03-12,78.93,47.07,64.045715
2015-03-13,78.050003,46.66,62.628571
2015-03-16,78.07,46.43,60.281429
2015-03-17,79.360001,46.93,59.78856999999999
2015-03-18,80.910004,47.200001,60.445713
2015-03-19,82.75,47.93,60.744286
2015-03-20,83.800003,48.439999,61.185715
2015-03-23,84.43,48.459999,60.714287
2015-03-24,85.309998,51.470001,62.611427
2015-03-25,82.91999799999998,49.5,60.25
2015-03-26,83.010002,49.919998,59.751427
2015-03-27,83.300003,50.009998,59.25285699999999
2015-03-30,83.199997,49.889999,60.367142
2015-03-31,82.220001,50.080002,59.52714200000001
2015-04-01,81.66999799999998,50.470001,59.017143
2015-04-02,81.559998,50.419998,59.154285
2015-04-06,82.440002,50.84,60.330002
2015-04-07,82.32,52.869999,60.494286
2015-04-08,82.279999,52.299999,63.049999
2015-04-09,82.16999799999998,52.169998,62.785713
2015-04-10,82.040001,51.939999,64.938568
2015-04-13,83.010002,51.619999,67.811432
2015-04-14,83.519997,51.200001,68.387146
2015-04-15,82.709999,51.299999,67.922859
2015-04-16,82.309998,52.029999,80.292854
2015-04-17,80.779999,50.66,81.650002
2015-04-20,83.089996,51.400002,81.055717
2015-04-21,83.620003,51.32,80.062859
2015-04-22,84.629997,51.73,79.668571
2015-04-23,82.410004,51.41,79.86571500000002
2015-04-24,81.529999,50.82,79.771431
2015-04-27,81.910004,51.66,80.86856800000002
2015-04-28,80.68,42.27,80.437141
2015-04-29,80.470001,38.490002,80.407143
2015-04-30,78.769997,38.959999,79.5
2015-05-01,78.989998,37.84,79.575714
2015-05-04,78.809998,37.880001,79.271431
2015-05-05,77.559998,37.419998,80.792854
2015-05-06,78.099998,37.259998,80.077141
2015-05-07,78.43,37.709999,80.748573
2015-05-08,78.510002,37.59,82.085716
2015-05-11,78.010002,37.310001,84.278572
2015-05-12,77.459999,37.48,83.377144
2015-05-13,78.440002,37.720001,82.872856
2015-05-14,81.370003,37.330002,83.835716
2015-05-15,80.41999799999998,37.099998,87.60714
2015-05-18,80.879997,37.279999,88.267143
2015-05-19,80.629997,37.5,88.068573
2015-05-20,80.550003,36.779999,88.790001
2015-05-21,80.480003,36.68,89.002853
2015-05-22,80.540001,36.599998,88.83856999999998
2015-05-26,79.33000200000002,36.509998,87.992859
2015-05-27,80.550003,36.41,89.85714
2015-05-28,80.150002,36.830002,89.507141
2015-05-29,79.190002,36.669998,89.15142800000002
2015-06-01,80.290001,36.630001,89.002853
2015-06-02,80.440002,36.400002,89.129997
2015-06-03,82.440002,37.0,88.808571
2015-06-04,82.050003,36.709999,89.34857199999998
2015-06-05,82.139999,37.0,90.459999
2015-06-08,80.66999799999998,36.459999,89.604286
2015-06-09,80.66999799999998,35.880001,92.449997
2015-06-10,82.160004,35.849998,95.871429
2015-06-11,81.83000200000002,35.84,95.094284
2015-06-12,81.529999,35.900002,94.418571
2015-06-15,80.709999,34.669998,93.431427
2015-06-16,81.059998,34.82,95.272858
2015-06-17,81.790001,34.689999,94.271431
2015-06-18,82.910004,34.66,94.742859
2015-06-19,82.510002,35.86000100000001,93.871429
2015-06-22,84.739998,35.549999,96.414284
2015-06-23,87.879997,35.369999,97.312859
2015-06-24,88.860001,35.169998,96.944283
2015-06-25,87.980003,35.169998,94.891426
2015-06-26,88.010002,35.259998,93.08857
2015-06-29,85.800003,34.209999,92.23143
2015-06-30,85.769997,36.220001,93.848572
2015-07-01,86.910004,35.400002,93.635712
2015-07-02,87.290001,35.720001,94.044289
2015-07-06,87.550003,35.43,94.571426
2015-07-07,87.220001,35.52,94.091431
2015-07-08,85.650002,34.759998,93.507141
2015-07-09,85.879997,34.360001000000004,95.727142
2015-07-10,87.949997,34.91,97.228569
2015-07-13,90.099998,35.779999,101.087143
2015-07-14,89.68,36.720001,100.371429
2015-07-15,89.760002,35.66,98.129997
2015-07-16,90.849998,36.099998,115.809998
2015-07-17,94.970001,35.669998,114.769997
2015-07-20,97.910004,35.810001,110.550003
2015-07-21,98.389999,36.630001,112.510002
2015-07-22,97.040001,36.09,111.5
2015-07-23,95.440002,36.189999,110.099998
2015-07-24,96.949997,35.419998,109.339996
2015-07-27,94.169998,34.700001,106.43
2015-07-28,95.290001,36.540001,106.900002
2015-07-29,96.989998,31.24,107.080002
2015-07-30,95.209999,31.469999,111.559998
2015-07-31,94.010002,31.01,114.309998
2015-08-03,94.139999,29.27,112.559998
2015-08-04,94.059998,29.34,121.150002
2015-08-05,96.440002,28.48,123.709999
2015-08-06,95.120003,27.540001,126.449997
2015-08-07,94.300003,27.040001,123.519997
2015-08-10,94.150002,29.5,123.029999
2015-08-11,93.620003,29.620001,122.739998
2015-08-12,94.190002,29.389999,120.510002
2015-08-13,93.43,28.540001,123.730003
2015-08-14,94.419998,29.059999,123.389999
2015-08-17,93.93,29.059999,125.360001
2015-08-18,95.169998,28.299999,124.050003
2015-08-19,95.309998,27.610001,122.059998
2015-08-20,90.559998,26.0,112.489998
2015-08-21,86.059998,25.870001,103.959999
2015-08-24,82.089996,25.17,96.879997
2015-08-25,83.0,24.379999,101.519997
2015-08-26,87.190002,25.030001,110.129997
2015-08-27,89.730003,26.459999,117.660004
2015-08-28,91.010002,26.83,117.629997
2015-08-31,89.43,27.790001,115.029999
2015-09-01,87.230003,27.030001,105.790001
2015-09-02,89.889999,27.82,105.440002
2015-09-03,88.150002,28.299999,101.059998
2015-09-04,88.260002,28.15,98.790001
2015-09-08,89.529999,27.18,94.949997
2015-09-09,90.440002,27.18,99.18
2015-09-10,91.980003,27.709999,99.480003
2015-09-11,92.050003,27.389999,97.510002
2015-09-14,92.309998,26.9,95.690002
2015-09-15,92.900002,27.17,99.160004
2015-09-16,93.449997,27.75,104.080002
2015-09-17,94.339996,27.41,104.209999
2015-09-18,94.400002,27.959999,102.620003
2015-09-21,95.550003,27.379999,100.300003
2015-09-22,92.959999,26.83,98.470001
2015-09-23,93.970001,26.790001,98.07
2015-09-24,94.410004,26.6,103.760002
2015-09-25,92.769997,25.290001,102.239998
2015-09-28,89.209999,25.26,99.470001
2015-09-29,86.66999799999998,25.59,98.349998
2015-09-30,89.900002,26.940001,103.260002
2015-10-01,90.949997,24.68,105.980003
2015-10-02,92.07,26.309999,106.110001
2015-10-05,94.010002,28.15,111.25
2015-10-06,92.800003,27.620001,108.330002
2015-10-07,92.400002,29.83,108.099998
2015-10-08,92.470001,30.32,114.93
2015-10-09,93.239998,30.85,113.330002
2015-10-12,94.260002,28.75,113.449997
2015-10-13,94.120003,29.059999,109.730003
2015-10-14,94.07,29.379999,110.230003
2015-10-15,95.959999,29.709999,101.089996
2015-10-16,97.540001,31.15,98.989998
2015-10-19,98.470001,30.91,101.690002
2015-10-20,97.0,30.91,98.989998
2015-10-21,97.110001,29.299999,97.959999
2015-10-22,99.669998,29.15,97.32
2015-10-23,102.190002,30.280001,100.040001
2015-10-26,103.769997,30.889999,103.040001
2015-10-27,103.699997,31.34,103.07
2015-10-28,104.199997,30.870001,105.800003
2015-10-29,104.879997,29.059999,105.120003
2015-10-30,101.970001,28.459999,108.379997
2015-11-02,103.309998,29.200001,107.639999
2015-11-03,102.580002,29.129999,109.739998
2015-11-04,103.940002,29.360001,114.050003
2015-11-05,108.760002,28.66,113.5
2015-11-06,107.099998,28.280001,114.059998
2015-11-09,106.489998,27.09,109.860001
2015-11-10,107.910004,27.049999,112.699997
2015-11-11,109.010002,26.5,112.860001
2015-11-12,108.019997,26.129999,108.919998
2015-11-13,103.949997,25.18,103.650002
2015-11-16,104.040001,25.41,111.349998
2015-11-17,105.129997,25.23,117.099998
2015-11-18,107.769997,25.9,120.629997
2015-11-19,106.260002,26.32,120.220001
2015-11-20,107.32,26.27,123.839996
2015-11-23,106.949997,25.200001,125.029999
2015-11-24,105.739998,25.52,123.309998
2015-11-25,105.410004,26.059999,124.160004
2015-11-27,105.449997,25.75,125.440002
2015-11-30,104.239998,25.4,123.330002
2015-12-01,107.120003,25.530001,125.370003
2015-12-02,106.07,25.4,128.929993
2015-12-03,104.379997,25.9,126.809998
2015-12-04,106.18,25.02,130.929993
2015-12-07,105.610001,24.459999,125.360001
2015-12-08,106.489998,24.99,126.980003
2015-12-09,104.599998,24.309999,124.199997
2015-12-10,105.419998,25.91,122.910004
2015-12-11,102.120003,24.84,118.910004
2015-12-14,104.660004,24.92,120.669998
2015-12-15,104.550003,23.950001,118.599998
2015-12-16,106.790001,24.299999,122.639999
2015-12-17,106.220001,23.309999,122.510002
2015-12-18,104.040001,22.99,118.019997
2015-12-21,104.769997,22.139999,116.629997
2015-12-22,105.510002,22.559999,116.239998
2015-12-23,104.629997,22.67,118.160004
2015-12-24,105.019997,22.969999,117.330002
2015-12-28,105.93,22.530001,117.110001
2015-12-29,107.260002,22.469999,119.120003
2015-12-30,106.220001,22.23,116.709999
2015-12-31,104.660004,23.139999,114.379997
2016-01-04,102.220001,22.559999,109.959999
2016-01-05,102.730003,21.92,107.660004
2016-01-06,102.970001,21.389999,117.68
2016-01-07,97.919998,20.26,114.559998
2016-01-08,97.330002,19.98,111.389999
2016-01-11,97.510002,19.65,114.970001
2016-01-12,99.370003,19.620001,116.580002
2016-01-13,95.440002,18.68,106.559998
2016-01-14,98.370003,19.0,107.059998
2016-01-15,94.970001,17.940001000000006,104.040001
2016-01-19,95.260002,16.690001000000002,107.889999
2016-01-20,94.349998,17.379998999999998,107.739998
2016-01-21,94.160004,17.83,102.349998
2016-01-22,97.940002,17.84,100.720001
2016-01-25,97.010002,17.02,99.120003
2016-01-26,97.339996,17.01,97.830002
2016-01-27,94.449997,16.780001000000002,91.150002
2016-01-28,109.110001,16.49,94.410004
2016-01-29,112.209999,16.799999,91.839996
2016-02-01,115.089996,17.91,94.089996
2016-02-02,114.610001,16.08,91.489998
2016-02-03,112.690002,16.559998999999998,90.739998
2016-02-04,110.489998,16.91,89.709999
2016-02-05,104.07,15.72,82.790001
2016-02-08,99.75,14.9,83.32
2016-02-09,99.540001,14.4,86.129997
2016-02-10,101.0,14.98,88.449997
2016-02-11,101.910004,14.31,86.349998
2016-02-12,102.010002,15.88,87.400002
2016-02-16,101.610001,16.360001,89.050003
2016-02-17,105.199997,17.459999,94.760002
2016-02-18,103.470001,18.43,90.489998
2016-02-19,104.57,18.309999,89.230003
2016-02-22,107.160004,18.299999,91.93
2016-02-23,105.459999,18.299999,89.120003
2016-02-24,106.879997,18.0,91.610001
2016-02-25,108.07,17.59,94.529999
2016-02-26,107.919998,17.940001000000006,94.790001
2016-02-29,106.919998,18.120001,93.410004
2016-03-01,109.82,17.85,98.300003
2016-03-02,109.949997,18.540001,97.610001
2016-03-03,109.580002,19.309999,97.93
2016-03-04,108.389999,19.360001,101.580002
2016-03-07,105.730003,19.17,95.489998
2016-03-08,105.93,18.33,96.230003
2016-03-09,107.510002,17.66,98.0
2016-03-10,107.32,16.610001,97.360001
2016-03-11,109.410004,16.809998999999998,97.660004
2016-03-14,109.889999,17.120001000000002,98.129997
2016-03-15,110.669998,16.190001000000002,97.860001
2016-03-16,112.18,16.700001,99.349998
2016-03-17,111.019997,16.85,99.720001
2016-03-18,111.449997,16.85,101.120003
2016-03-21,111.849998,16.889999,101.059998
2016-03-22,112.25,16.860001,99.839996
2016-03-23,112.540001,16.01,99.589996
2016-03-24,113.050003,15.91,98.360001
2016-03-28,113.690002,15.6,101.209999
2016-03-29,116.139999,15.97,104.129997
2016-03-30,114.699997,16.360001,102.190002
2016-03-31,114.099998,16.549999,102.230003
2016-04-01,116.059998,15.98,105.699997
2016-04-04,112.550003,17.09,104.349998
2016-04-05,112.220001,17.049999,104.940002
2016-04-06,113.709999,17.26,104.830002
2016-04-07,113.639999,16.98,104.449997
2016-04-08,110.629997,16.65,103.809998
2016-04-11,108.989998,16.51,102.68
2016-04-12,110.610001,16.57,106.980003
2016-04-13,110.510002,17.370001000000002,109.650002
2016-04-14,110.839996,17.530001000000002,110.419998
2016-04-15,109.639999,17.58,111.510002
2016-04-18,110.449997,17.309998999999998,108.400002
2016-04-19,112.290001,16.92,94.339996
2016-04-20,112.419998,17.4,96.769997
2016-04-21,113.440002,17.51,94.980003
2016-04-22,110.559998,17.23,95.900002
2016-04-25,110.099998,17.09,93.559998
2016-04-26,108.760002,17.75,92.43
2016-04-27,108.889999,14.86,91.040001
2016-04-28,116.730003,14.64,90.279999
2016-04-29,117.580002,14.62,90.029999
2016-05-02,118.57,14.4,93.110001
2016-05-03,117.43,14.01,91.540001
2016-05-04,118.059998,14.84,90.790001
2016-05-05,117.809998,14.12,89.370003
2016-05-06,119.489998,14.4,90.839996
2016-05-09,119.239998,14.2,90.540001
2016-05-10,120.5,14.63,92.889999
2016-05-11,119.519997,14.59,90.019997
2016-05-12,120.279999,14.08,87.739998
2016-05-13,119.809998,14.1,87.879997
2016-05-16,118.669998,14.29,89.120003
2016-05-17,117.349998,14.34,88.629997
2016-05-18,117.650002,14.14,90.5
2016-05-19,116.809998,14.15,89.550003
2016-05-20,117.349998,14.43,92.489998
2016-05-23,115.970001,14.41,94.889999
2016-05-24,117.699997,14.03,97.889999
2016-05-25,117.889999,14.41,100.199997
2016-05-26,119.470001,14.3,102.809998
2016-05-27,119.379997,15.1,103.300003
2016-05-31,118.809998,15.22,102.57
2016-06-01,118.779999,15.02,101.510002
2016-06-02,118.93,15.2,101.25
2016-06-03,118.470001,15.2,99.589996
2016-06-06,118.790001,15.27,100.739998
2016-06-07,117.760002,15.0,99.889999
2016-06-08,118.389999,14.95,97.860001
2016-06-09,118.559998,14.6,97.089996
2016-06-10,116.620003,14.02,93.75
2016-06-13,113.949997,14.55,93.849998
2016-06-14,114.940002,15.36,94.120003
2016-06-15,114.599998,15.96,94.290001
2016-06-16,114.389999,15.87,95.440002
2016-06-17,113.019997,16.1,94.449997
2016-06-20,113.370003,16.34,93.800003
2016-06-21,114.379997,16.32,90.989998
2016-06-22,113.910004,16.129998999999998,90.010002
2016-06-23,115.080002,17.040001,91.660004
2016-06-24,112.080002,16.440001000000002,88.440002
2016-06-27,108.970001,15.84,85.33000200000002
2016-06-28,112.699997,16.42,87.970001
2016-06-29,114.160004,16.83,91.059998
2016-06-30,114.279999,16.91,91.480003
2016-07-01,114.190002,17.280001000000002,96.669998
2016-07-05,114.199997,17.139999,97.910004
2016-07-06,116.699997,17.200001,94.599998
2016-07-07,115.849998,17.370001000000002,95.099998
2016-07-08,117.239998,18.08,97.059998
2016-07-11,117.870003,17.709999,94.669998
2016-07-12,117.93,18.1,95.970001
2016-07-13,116.779999,17.74,96.43
2016-07-14,117.290001,17.959999,98.019997
2016-07-15,116.860001,18.08,98.389999
2016-07-18,119.370003,18.65,98.809998
2016-07-19,120.610001,18.33,85.839996
2016-07-20,121.919998,18.559999,87.910004
2016-07-21,120.610001,18.389999,85.989998
2016-07-22,121.0,18.370001,85.889999
2016-07-25,121.629997,18.65,87.660004
2016-07-26,121.220001,18.450001,91.410004
2016-07-27,123.339996,15.77,92.040001
2016-07-28,125.0,16.309998999999998,91.650002
2016-07-29,123.940002,16.639999,91.25
2016-08-01,124.309998,16.639999,94.370003
2016-08-02,123.089996,16.42,93.559998
2016-08-03,122.510002,17.610001,93.099998
2016-08-04,124.360001,18.129999,93.440002
2016-08-05,125.150002,18.26,97.029999
2016-08-08,125.260002,18.200001,95.110001
2016-08-09,125.059998,18.68,93.989998
2016-08-10,124.879997,19.040001,93.93
2016-08-11,124.900002,19.780001,95.889999
2016-08-12,124.879997,19.540001,96.589996
2016-08-15,123.900002,20.860001,95.309998
2016-08-16,123.300003,20.4,95.120003
2016-08-17,124.370003,20.17,96.370003
2016-08-18,123.910004,19.0,96.160004
2016-08-19,123.559998,18.98,95.870003
2016-08-22,124.150002,18.549999,95.260002
2016-08-23,124.370003,18.690001,95.940002
2016-08-24,123.480003,18.25,95.18
2016-08-25,123.889999,18.32,97.32
2016-08-26,124.959999,18.299999,97.580002
2016-08-29,126.540001,18.469999,97.300003
2016-08-30,125.839996,18.379999,97.449997
2016-08-31,126.120003,19.209999,97.449997
2016-09-01,126.169998,19.5,97.379997
2016-09-02,126.510002,19.549999,97.379997
2016-09-06,129.729996,19.93,100.089996
2016-09-07,131.050003,19.870001,99.150002
2016-09-08,130.270004,18.700001,99.660004
2016-09-09,127.099998,18.110001,96.5
2016-09-12,128.690002,18.15,99.050003
2016-09-13,127.209999,17.76,96.089996
2016-09-14,127.769997,18.08,97.010002
2016-09-15,128.350006,18.299999,97.339996
2016-09-16,129.070007,19.110001,99.480003
2016-09-19,128.649994,18.360001,98.059998
2016-09-20,128.639999,18.389999,98.25
2016-09-21,129.940002,18.49,94.879997
2016-09-22,130.080002,18.629999,95.830002
2016-09-23,127.959999,22.620001,95.940002
2016-09-26,127.309998,23.370001,94.559998
2016-09-27,128.690002,23.719999,97.07
2016-09-28,129.229996,22.959999,97.480003
2016-09-29,128.089996,23.01,96.669998
2016-09-30,128.270004,23.049999,98.550003
2016-10-03,128.770004,24.0,102.629997
2016-10-04,128.190002,23.52,102.339996
2016-10-05,128.470001,24.870001,106.279999
2016-10-06,128.740005,19.870001,105.07
2016-10-07,128.990005,19.85,104.82
2016-10-10,130.240005,17.559998999999998,103.330002
2016-10-11,128.880005,18.0,100.589996
2016-10-12,129.050003,18.049999,99.5
2016-10-13,127.82,17.790001,100.230003
2016-10-14,127.879997,16.879998999999998,101.470001
2016-10-17,127.540001,16.73,99.800003
2016-10-18,128.570007,16.83,118.790001
2016-10-19,130.110001,17.07,121.870003
2016-10-20,130.0,16.9,123.349998
2016-10-21,132.070007,18.09,127.5
2016-10-24,133.279999,18.030001,127.330002
2016-10-25,132.28999299999998,17.26,126.510002
2016-10-26,131.03999299999998,17.290001,126.970001
2016-10-27,129.690002,17.4,126.470001
2016-10-28,131.28999299999998,17.66,126.57
2016-10-31,130.990005,17.950001,124.870003
2016-11-01,129.5,17.49,123.300003
2016-11-02,127.169998,17.610001,122.339996
2016-11-03,120.0,17.58,122.139999
2016-11-04,120.75,18.02,122.029999
2016-11-07,122.150002,18.41,124.580002
2016-11-08,124.220001,18.379999,124.339996
2016-11-09,123.18,19.129999,122.190002
2016-11-10,120.800003,18.370001,115.419998
2016-11-11,119.019997,18.549999,114.779999
2016-11-14,115.080002,19.139999,113.379997
2016-11-15,117.199997,18.98,113.589996
2016-11-16,116.339996,18.629999,115.190002
2016-11-17,117.790001,18.549999,115.029999
2016-11-18,117.019997,18.73,115.209999
2016-11-21,121.769997,18.6,117.959999
2016-11-22,121.470001,18.629999,118.040001
2016-11-23,120.839996,18.219999,117.690002
2016-11-25,120.379997,18.059999,117.410004
2016-11-28,120.410004,18.299999,116.93
2016-11-29,120.870003,18.190001,117.510002
2016-11-30,118.419998,18.49,117.0
2016-12-01,115.099998,18.030001,117.220001
2016-12-02,115.400002,17.93,120.809998
2016-12-05,117.43,18.23,119.160004
2016-12-06,117.309998,18.23,124.57
2016-12-07,117.949997,19.48,125.389999
2016-12-08,118.910004,19.639999,123.239998
2016-12-09,119.68,19.65,122.879997
2016-12-12,117.769997,18.93,122.830002
2016-12-13,120.309998,19.370001,123.779999
2016-12-14,120.209999,18.93,123.440002
2016-12-15,120.57,18.790001,125.0
2016-12-16,119.870003,18.629999,124.220001
2016-12-19,119.239998,18.24,125.449997
2016-12-20,119.089996,17.92,125.120003
2016-12-21,119.040001,17.08,126.5
2016-12-22,117.400002,16.41,125.580002
2016-12-23,117.269997,16.5,125.589996
2016-12-27,118.010002,16.610001,128.350006
2016-12-28,116.919998,16.389999,125.889999
2016-12-29,116.349998,16.389999,125.330002
2016-12-30,115.050003,16.299999,123.800003
2017-01-03,116.860001,16.440001000000002,127.489998
2017-01-04,118.690002,16.860001,129.410004
2017-01-05,120.669998,17.09,131.809998
2017-01-06,123.410004,17.17,131.070007
2017-01-09,124.900002,17.5,130.949997
2017-01-10,124.349998,17.370001000000002,129.889999
2017-01-11,126.089996,17.299999,130.5
2017-01-12,126.620003,17.379998999999998,129.179993
2017-01-13,128.339996,17.25,133.699997
2017-01-17,127.870003,16.959999,132.889999
2017-01-18,127.919998,17.110001,133.259995
2017-01-19,127.550003,16.790001,138.410004
2017-01-20,127.040001,16.58,138.600006
2017-01-23,128.929993,16.610001,137.389999
2017-01-24,129.369995,16.52,140.110001
2017-01-25,131.479996,16.73,139.520004
2017-01-26,132.779999,16.809998999999998,138.96000700000002
2017-01-27,132.179993,16.57,142.449997
2017-01-30,130.979996,16.940001000000002,141.220001
2017-01-31,130.320007,17.620001000000006,140.71000700000002
2017-02-01,133.229996,17.24,140.779999
2017-02-02,130.839996,17.780001000000006,139.199997
2017-02-03,130.979996,17.610001,140.25
2017-02-06,132.059998,17.93,140.970001
2017-02-07,131.839996,18.26,144.0
2017-02-08,134.199997,18.719999,144.740005
2017-02-09,134.139999,16.41,144.139999
2017-02-10,134.190002,15.58,144.820007
2017-02-13,134.050003,15.81,143.199997
2017-02-14,133.850006,16.52,140.820007
2017-02-15,133.440002,16.74,142.270004
2017-02-16,133.839996,16.35,142.009995
2017-02-17,133.529999,16.620001000000002,142.220001
2017-02-21,133.720001,16.42,142.600006
2017-02-22,136.119995,16.08,143.860001
2017-02-23,135.360001,16.030001000000002,142.779999
2017-02-24,135.440002,15.98,143.25
2017-02-27,136.410004,16.059998999999998,143.410004
2017-02-28,135.53999299999998,15.77,142.130005
2017-03-01,137.419998,15.79,142.649994
2017-03-02,136.759995,15.79,139.529999
2017-03-03,137.169998,15.75,139.139999
2017-03-06,137.419998,15.56,141.940002
2017-03-07,137.300003,15.18,141.429993
2017-03-08,137.720001,15.24,140.320007
2017-03-09,138.240005,15.22,140.529999
2017-03-10,138.78999299999998,15.12,140.889999
2017-03-13,139.600006,15.21,143.520004
2017-03-14,139.320007,15.32,143.190002
2017-03-15,139.720001,15.03,145.25
2017-03-16,139.990005,15.19,144.389999
2017-03-17,139.839996,15.08,145.110001
2017-03-20,139.940002,15.09,145.830002
2017-03-21,138.509995,14.54,142.419998
2017-03-22,139.589996,14.98,142.649994
2017-03-23,139.529999,14.93,141.839996
2017-03-24,140.339996,15.14,142.020004
2017-03-27,140.320007,14.99,144.059998
2017-03-28,141.759995,14.94,145.169998
2017-03-29,142.649994,15.04,146.470001
2017-03-30,142.410004,14.92,148.059998
2017-03-31,142.050003,14.95,147.809998
2017-04-03,142.279999,14.84,146.919998
2017-04-04,141.729996,14.69,145.5
2017-04-05,141.850006,14.53,143.619995
2017-04-06,141.169998,14.39,143.740005
2017-04-07,140.779999,14.29,143.110001
2017-04-10,141.03999299999995,14.36,143.850006
2017-04-11,139.919998,14.31,144.350006
2017-04-12,139.580002,14.42,143.830002
2017-04-13,139.389999,14.3,142.919998
2017-04-17,141.419998,14.4,147.25
2017-04-18,140.96000700000005,14.44,143.360001
2017-04-19,142.270004,14.54,139.759995
2017-04-20,143.800003,14.65,141.179993
2017-04-21,143.679993,14.63,142.869995
2017-04-24,145.470001,14.71,143.830002
2017-04-25,146.490005,14.66,152.160004
2017-04-26,146.559998,15.82,150.169998
2017-04-27,147.699997,16.610001,153.080002
2017-04-28,150.25,16.48,152.199997
2017-05-01,152.46000700000005,17.540001,155.350006
2017-05-02,152.779999,18.24,156.449997
2017-05-03,151.800003,18.57,155.589996
2017-05-04,150.850006,18.48,157.25
2017-05-05,150.240005,18.690001,156.600006
2017-05-08,151.059998,18.309999,156.380005
2017-05-09,150.479996,18.370001,157.46000700000005
2017-05-10,150.28999299999995,18.540001,160.279999
2017-05-11,150.03999299999995,18.389999,158.53999299999995
2017-05-12,150.330002,18.610001,160.809998
2017-05-15,150.190002,19.23,160.020004
2017-05-16,149.779999,19.49,159.410004
2017-05-17,144.850006,18.280001,153.199997
2017-05-18,147.660004,18.51,155.699997
2017-05-19,148.059998,18.35,157.020004
2017-05-22,148.240005,18.43,157.160004
2017-05-23,148.070007,18.15,157.949997
2017-05-24,150.03999299999995,17.98,157.75
2017-05-25,151.96000700000005,17.950001,163.050003
2017-05-26,152.130005,18.23,162.429993
2017-05-30,152.380005,18.43,163.220001
2017-05-31,151.46000700000005,18.32,163.070007
2017-06-01,151.529999,18.530001,162.990005
2017-06-02,153.610001,18.309999,165.179993
2017-06-05,153.630005,18.23,165.059998
2017-06-06,152.809998,17.57,165.169998
2017-06-07,153.119995,17.440001000000002,165.610001
2017-06-08,154.71000700000005,17.59,165.880005
2017-06-09,149.600006,16.9,158.029999
2017-06-12,148.440002,17.040001,151.440002
2017-06-13,150.679993,16.969998999999998,152.720001
2017-06-14,150.25,16.76,152.199997
2017-06-15,149.800003,16.83,151.759995
2017-06-16,150.639999,16.67,152.380005
2017-06-19,152.869995,17.059998999999998,153.399994
2017-06-20,152.25,16.91,152.050003
2017-06-21,153.910004,17.780001000000006,155.029999
2017-06-22,153.399994,18.15,154.889999
2017-06-23,155.070007,18.5,158.020004
2017-06-26,153.589996,18.290001,157.5
2017-06-27,150.580002,18.120001,151.029999
2017-06-28,153.240005,17.950001,153.410004
2017-06-29,151.03999299999995,17.65,150.089996
2017-06-30,150.979996,17.870001000000006,149.410004
2017-07-03,148.429993,17.65,146.169998
2017-07-05,150.339996,17.82,147.610001
2017-07-06,148.820007,17.92,146.25
2017-07-07,151.440002,18.02,150.179993
2017-07-10,153.5,18.08,152.669998
2017-07-11,155.270004,18.639999,154.330002
2017-07-12,158.899994,19.25,158.75
2017-07-13,159.259995,19.32,158.21000700000005
2017-07-14,159.970001,19.639999,161.119995
2017-07-17,159.729996,19.940001,161.699997
2017-07-18,162.860001,19.98,183.600006
2017-07-19,164.139999,20.120001,183.860001
2017-07-20,164.529999,20.530001,183.600006
2017-07-21,164.429993,20.110001,188.539993
2017-07-24,166.0,20.0,187.910004
2017-07-25,165.279999,19.969999,186.970001
2017-07-26,165.610001,19.610001,189.080002
2017-07-27,170.440002,16.84,182.679993
2017-07-28,172.449997,16.75,184.039993
2017-07-31,169.25,16.09,181.660004
2017-08-01,169.860001,16.209999,182.029999
2017-08-02,169.300003,16.07,180.740005
2017-08-03,168.589996,16.18,179.229996
2017-08-04,169.619995,16.290001,180.270004
2017-08-07,171.979996,16.4,181.330002
2017-08-08,171.229996,16.15,178.360001
2017-08-09,171.179993,16.139999,175.779999
2017-08-10,167.399994,15.75,169.139999
2017-08-11,168.080002,15.92,171.399994
2017-08-14,170.75,16.09,171.0
2017-08-15,171.0,15.95,168.5
2017-08-16,170.0,16.16,169.979996
2017-08-17,166.910004,15.87,166.089996
2017-08-18,167.410004,15.99,166.53999299999995
2017-08-21,167.779999,16.110001,166.759995
2017-08-22,169.639999,16.629998999999998,169.339996
2017-08-23,168.71000700000005,16.959999,169.059998
2017-08-24,167.740005,16.889999,168.130005
2017-08-25,166.320007,16.65,165.949997
2017-08-28,167.240005,16.77,167.119995
2017-08-29,168.050003,16.93,168.809998
2017-08-30,169.919998,16.93,174.690002
2017-08-31,171.970001,16.91,174.71000700000005
2017-09-01,172.020004,16.860001,174.740005
2017-09-05,170.720001,16.65,174.520004
2017-09-06,172.089996,16.83,179.25
2017-09-07,173.21000700000005,17.219998999999998,179.0
2017-09-08,170.949997,17.450001,176.419998
2017-09-11,173.509995,17.66,181.740005
2017-09-12,172.96000700000005,18.17,185.149994
2017-09-13,173.050003,18.200001,183.639999
2017-09-14,170.96000700000005,18.209999,182.630005
2017-09-15,171.639999,18.01,182.350006
2017-09-18,170.009995,17.6,184.619995
2017-09-19,172.520004,17.76,185.679993
2017-09-20,172.169998,17.620001000000006,185.509995
2017-09-21,171.110001,17.58,188.779999
2017-09-22,170.53999299999995,17.610001,187.350006
2017-09-25,162.869995,16.98,178.550003
2017-09-26,164.21000700000005,16.59,179.380005
2017-09-27,167.679993,16.950001,181.970001
2017-09-28,168.729996,16.85,180.699997
2017-09-29,170.869995,16.870001000000002,181.350006
2017-10-02,169.470001,17.09,177.009995
2017-10-03,169.96000700000005,17.59,179.190002
2017-10-04,168.419998,17.75,184.449997
2017-10-05,171.240005,18.25,194.389999
2017-10-06,172.229996,17.85,198.020004
2017-10-09,172.5,17.67,196.869995
2017-10-10,171.589996,17.41,195.080002
2017-10-11,172.740005,17.73,194.949997
2017-10-12,172.550003,18.450001,195.860001
2017-10-13,173.740005,18.629999,199.490005
2017-10-16,174.520004,18.33,202.679993
2017-10-17,176.110001,18.280001,199.479996
2017-10-18,176.029999,18.02,195.539993
2017-10-19,174.559998,17.889999,195.130005
2017-10-20,174.979996,17.870001000000006,194.160004
2017-10-23,171.270004,17.370001000000002,192.470001
2017-10-24,171.800003,17.25,196.020004
2017-10-25,170.600006,17.139999,193.770004
2017-10-26,170.630005,20.309999,195.210007
2017-10-27,177.880005,21.68,199.539993
2017-10-30,179.869995,21.25,198.369995
2017-10-31,180.059998,20.620001,196.429993
2017-11-01,182.660004,20.610001,198.0
2017-11-02,178.919998,19.709999,199.320007
2017-11-03,178.919998,19.9,200.009995
2017-11-06,180.169998,19.389999,200.130005
2017-11-07,180.25,19.66,195.889999
2017-11-08,179.559998,19.59,196.440002
2017-11-09,179.300003,19.9,193.899994
2017-11-10,178.46000700000005,20.32,192.020004
2017-11-13,178.770004,20.17,195.080002
2017-11-14,178.070007,20.049999,195.710007
2017-11-15,177.949997,19.91,192.119995
2017-11-16,179.589996,20.360001,195.509995
2017-11-17,179.0,20.76,193.199997
2017-11-20,178.740005,21.129999,194.100006
2017-11-21,181.860001,21.879999,196.229996
2017-11-22,180.869995,22.27,196.320007
2017-11-24,182.779999,22.42,195.75
2017-11-27,183.029999,21.82,195.050003
2017-11-28,182.419998,21.83,199.179993
2017-11-29,175.130005,20.790001,188.149994
2017-11-30,177.179993,20.58,187.580002
2017-12-01,175.100006,20.709999,186.820007
2017-12-04,171.470001,20.4,184.039993
2017-12-05,172.830002,20.77,184.210007
2017-12-06,176.059998,21.09,185.300003
2017-12-07,180.139999,21.01,185.199997
2017-12-08,179.0,21.1,188.539993
2017-12-11,179.03999299999995,22.049999,186.220001
2017-12-12,176.96000700000005,21.65,185.729996
2017-12-13,178.300003,21.66,187.860001
2017-12-14,178.389999,22.58,189.559998
2017-12-15,180.179993,22.23,190.119995
2017-12-18,180.820007,24.68,190.419998
2017-12-19,179.509995,25.08,187.020004
2017-12-20,177.889999,25.200001,188.820007
2017-12-21,177.449997,25.049999,188.619995
2017-12-22,177.199997,24.459999,189.940002
2017-12-26,175.990005,24.26,187.759995
2017-12-27,177.619995,24.23,186.240005
2017-12-28,177.919998,24.309999,192.710007
2017-12-29,176.46000700000005,24.01,191.960007
2018-01-02,181.419998,24.51,201.070007
2018-01-03,184.669998,24.450001,205.050003
2018-01-04,184.330002,23.99,205.630005
2018-01-05,186.850006,24.32,209.990005
2018-01-08,188.279999,24.59,212.050003
2018-01-09,187.869995,24.17,209.309998
2018-01-10,187.839996,24.25,212.520004
2018-01-11,187.770004,24.35,217.240005
2018-01-12,179.369995,25.41,221.229996
2018-01-16,178.389999,24.66,221.52999900000003
2018-01-17,177.600006,24.559999,217.5
2018-01-18,179.800003,24.040001,220.330002
2018-01-19,181.289993,23.66,220.460007
2018-01-22,185.369995,23.32,227.580002
2018-01-23,189.350006,22.75,250.289993
2018-01-24,186.550003,22.370001,261.299988
2018-01-25,187.479996,22.16,269.700012
2018-01-26,190.0,24.27,274.600006
2018-01-29,185.979996,25.18,284.589996
2018-01-30,187.119995,25.620001,278.799988
2018-01-31,186.889999,25.809999,270.299988
2018-02-01,193.089996,27.139999,265.070007
2018-02-02,190.279999,25.92,267.429993
2018-02-05,181.259995,25.129999,254.25999500000003
2018-02-06,185.309998,25.24,265.720001
2018-02-07,180.179993,26.91,264.559998
2018-02-08,171.580002,30.18,250.100006
2018-02-09,176.110001,31.51,249.470001
2018-02-12,176.410004,30.950001,257.950012
2018-02-13,173.149994,33.439999,258.269989
2018-02-14,179.520004,33.75,266.0
2018-02-15,179.96000700000005,33.610001000000004,280.269989
2018-02-16,177.360001,33.060001,278.519989
2018-02-20,176.009995,32.84,278.549988
2018-02-21,177.910004,33.380001,281.040009
2018-02-22,178.990005,32.110001000000004,278.140015
2018-02-23,183.289993,32.66,285.929993
2018-02-26,184.929993,32.16,294.160004
2018-02-27,181.460007,31.32,290.609985
2018-02-28,178.320007,31.860001,291.380005
2018-03-01,175.940002,32.240002000000004,290.390015
2018-03-02,176.619995,33.0,301.049988
2018-03-05,180.399994,34.580002,315.0
2018-03-06,179.779999,34.43,325.220001
2018-03-07,183.710007,35.759998,321.160004
2018-03-08,182.339996,34.849998,317.0
2018-03-09,185.229996,35.349998,331.440002
2018-03-12,184.759995,35.5,321.299988
2018-03-13,181.880005,34.110001000000004,315.880005
2018-03-14,184.190002,36.599998,321.549988
2018-03-15,183.860001,35.799999,321.089996
2018-03-16,185.089996,35.580002,318.450012
2018-03-19,172.559998,34.98,313.480011
2018-03-20,168.149994,31.35,317.5
2018-03-21,169.389999,32.73,316.480011
2018-03-22,164.889999,31.200001,306.700012
2018-03-23,159.389999,31.030001,300.940002
2018-03-26,160.059998,31.91,320.350006
2018-03-27,152.220001,28.07,300.690002
2018-03-28,153.029999,28.450001,285.769989
2018-03-29,159.78999299999995,29.01,295.350006
2018-04-02,155.389999,28.040001,280.290009
2018-04-03,156.110001,27.540001,283.670013
2018-04-04,155.100006,28.25,288.940002
2018-04-05,159.339996,28.639999,293.970001
2018-04-06,157.199997,28.1,288.850006
2018-04-09,157.929993,28.01,289.929993
2018-04-10,165.03999299999995,29.530001,298.070007
2018-04-11,166.320007,29.389999,303.670013
2018-04-12,163.869995,29.0,309.25
2018-04-13,164.520004,28.76,311.649994
2018-04-16,164.830002,28.58,307.7799990000001
2018-04-17,168.660004,31.84,336.059998
2018-04-18,166.360001,31.540001,334.519989
2018-04-19,168.100006,31.540001,332.700012
2018-04-20,166.279999,31.91,327.769989
2018-04-23,165.839996,31.219999,318.690002
2018-04-24,159.690002,30.469999,307.019989
2018-04-25,159.690002,29.75,305.76001
2018-04-26,174.160004,30.27,313.980011
2018-04-27,173.589996,29.0,311.76001
2018-04-30,172.0,30.309999,312.459991
2018-05-01,173.860001,30.299999,313.299988
2018-05-02,176.070007,30.549999,313.359985
2018-05-03,174.020004,30.67,311.690002
2018-05-04,176.610001,31.040001,320.089996
2018-05-07,177.970001,31.33,326.26001
2018-05-08,178.919998,31.85,326.890015
2018-05-09,182.660004,32.459999,330.299988
2018-05-10,185.529999,32.869999,329.600006
2018-05-11,186.990005,32.75,326.459991
2018-05-14,186.639999,33.389999,328.5299990000001
2018-05-15,184.320007,32.75,326.130005
2018-05-16,183.199997,32.77,328.190002
2018-05-17,183.759995,32.580002,325.220001
2018-05-18,182.679993,32.630001,324.179993
2018-05-21,184.490005,33.630001,331.820007
2018-05-22,183.800003,32.860001000000004,331.619995
2018-05-23,186.899994,33.419998,344.720001
2018-05-24,185.929993,33.52,349.290009
2018-05-25,184.919998,33.630001,351.290009
2018-05-29,185.740005,34.040001000000004,349.730011
2018-05-30,187.669998,34.360001000000004,353.540009
2018-05-31,191.779999,34.700001,351.600006
2018-06-01,193.990005,36.650002,359.929993
2018-06-04,193.279999,37.880001,361.809998
2018-06-05,192.940002,39.799999,365.799988
2018-06-06,191.339996,40.099998,367.450012
2018-06-07,188.179993,39.700001,361.399994
2018-06-08,189.100006,41.209999,360.570007
2018-06-11,191.539993,41.419998,361.450012
2018-06-12,192.399994,43.490002,363.829987
2018-06-13,192.410004,44.07,379.929993
2018-06-14,196.809998,46.759998,392.869995
2018-06-15,195.850006,45.799999,391.980011
2018-06-18,198.309998,46.0,390.399994
2018-06-19,197.490005,44.950001,404.980011
2018-06-20,202.0,46.130001,416.76001
2018-06-21,201.5,45.240002,415.440002
2018-06-22,201.740005,45.880001,411.089996
2018-06-25,196.350006,44.169998,384.480011
2018-06-26,199.0,44.84,399.390015
2018-06-27,195.839996,43.700001,390.390015
2018-06-28,196.229996,44.790001,395.420013
2018-06-29,194.320007,43.669998,391.429993
2018-07-02,197.360001,44.98,398.179993
2018-07-03,192.729996,43.889999,390.519989
2018-07-05,198.449997,45.060001,398.390015
2018-07-06,203.229996,46.650002,408.25
2018-07-09,204.740005,44.139999,418.970001
2018-07-10,203.539993,43.75,415.630005
2018-07-11,202.539993,43.869999,418.649994
2018-07-12,206.919998,45.259998,413.5
2018-07-13,207.320007,44.490002,395.799988
2018-07-16,207.229996,44.259998,400.480011
2018-07-17,209.990005,44.709999,379.480011
2018-07-18,209.360001,43.34,375.130005
2018-07-19,208.089996,43.439999,364.230011
2018-07-20,209.940002,43.419998,361.049988
2018-07-23,210.910004,43.310001,362.660004
2018-07-24,214.669998,42.169998,357.320007
2018-07-25,217.5,44.220001,362.869995
2018-07-26,176.259995,42.939999,363.089996
2018-07-27,174.889999,34.119999,355.209991
2018-07-30,171.059998,31.379999,334.959991
2018-07-31,172.580002,31.870001,337.450012
2018-08-01,171.649994,31.91,338.380005
2018-08-02,176.369995,32.82,344.5
2018-08-03,177.779999,31.959999,343.089996
2018-08-06,185.690002,32.98,350.920013
2018-08-07,183.809998,32.669998,351.829987
2018-08-08,185.179993,31.84,347.609985
2018-08-09,183.089996,31.959999,349.359985
2018-08-10,180.259995,32.009998,345.869995
2018-08-13,180.050003,32.799999,341.309998
2018-08-14,181.110001,33.189999,337.48999
2018-08-15,179.529999,32.380001,326.399994
2018-08-16,174.699997,32.830002,322.440002
2018-08-17,173.800003,32.73,316.7799990000001
2018-08-20,172.5,32.599998,327.730011
2018-08-21,172.619995,33.689999,338.019989
2018-08-22,173.639999,33.810001,344.440002
2018-08-23,172.899994,33.880001,339.170013
2018-08-24,174.649994,34.279999,358.820007
2018-08-27,177.46000700000005,35.889999,364.579987
2018-08-28,176.259995,35.49000200000001,368.48999
2018-08-29,175.899994,35.349998,368.040009
2018-08-30,177.639999,35.639999,370.980011
2018-08-31,175.729996,35.18,367.679993
2018-09-04,171.160004,34.84,363.600006
2018-09-05,167.179993,32.73,341.179993
2018-09-06,162.529999,30.809999,346.459991
2018-09-07,163.03999299999995,30.49,348.679993
2018-09-10,164.179993,30.540001,348.410004
2018-09-11,165.940002,30.889999,355.929993
2018-09-12,162.0,29.75,369.950012
2018-09-13,161.360001,30.389999,368.149994
2018-09-14,162.320007,30.120001,364.559998
2018-09-17,160.580002,28.860001,350.350006
2018-09-18,160.300003,29.219999,367.649994
2018-09-19,163.059998,29.52,366.959991
2018-09-20,166.020004,29.85,365.359985
2018-09-21,162.929993,28.5,361.190002
2018-09-24,165.410004,28.6,369.609985
2018-09-25,164.910004,29.110001,369.429993
2018-09-26,166.949997,29.01,377.880005
2018-09-27,168.839996,29.42,380.709991
2018-09-28,164.46000700000005,28.459999,374.130005
2018-10-01,162.440002,28.309999,381.429993
2018-10-02,159.330002,28.190001,377.140015
2018-10-03,162.429993,29.01,377.049988
2018-10-04,158.850006,28.23,363.649994
2018-10-05,157.330002,28.389999,351.350006
2018-10-08,157.25,28.450001,349.100006
2018-10-09,157.899994,29.27,355.709991
2018-10-10,151.380005,26.790001,325.890015
2018-10-11,153.350006,27.0,321.100006
2018-10-12,153.740005,27.99,339.559998
2018-10-15,153.520004,28.610001,333.130005
2018-10-16,158.779999,29.870001,346.399994
2018-10-17,159.419998,29.549999,364.700012
2018-10-18,154.919998,29.290001,346.709991
2018-10-19,154.050003,28.83,332.670013
2018-10-22,154.779999,29.18,329.540009
2018-10-23,154.389999,28.77,333.160004
2018-10-24,146.03999299999995,27.540001,301.829987
2018-10-25,150.949997,31.799999,312.869995
2018-10-26,145.369995,32.360001000000004,299.829987
2018-10-29,142.089996,32.389999,284.839996
2018-10-30,146.220001,33.860001000000004,285.809998
2018-10-31,151.78999299999995,34.75,301.7799990000001
2018-11-01,151.75,34.619999,317.380005
2018-11-02,150.350006,34.299999,309.100006
2018-11-05,148.679993,34.02,315.440002
2018-11-06,149.940002,34.419998,310.839996
2018-11-07,151.529999,34.990002000000004,327.5
2018-11-08,147.869995,34.18,317.920013
2018-11-09,144.96000700000005,34.080002,303.470001
2018-11-12,141.550003,32.009998,294.070007
2018-11-13,142.160004,32.490002000000004,294.399994
2018-11-14,144.220001,32.91,286.730011
2018-11-15,143.850006,33.150002,290.059998
2018-11-16,139.529999,33.669998,286.209991
2018-11-19,131.550003,31.98,270.600006
2018-11-20,132.429993,31.059999,266.980011
2018-11-21,134.820007,31.610001,262.130005
2018-11-23,131.729996,31.120001,258.820007
2018-11-26,136.380005,32.82,261.429993
2018-11-27,135.0,32.610001000000004,266.630005
2018-11-28,136.759995,32.73,282.649994
2018-11-29,138.679993,31.299999,288.75
2018-11-30,140.610001,31.450001,286.130005
2018-12-03,141.089996,33.66,290.299988
2018-12-04,137.929993,32.560001,275.329987
2018-12-06,139.630005,32.959999,282.880005
2018-12-07,137.419998,32.830002,265.140015
2018-12-10,141.850006,33.43,269.700012
2018-12-11,142.080002,34.450001,265.320007
2018-12-12,144.5,36.25,274.880005
2018-12-13,145.009995,35.889999,276.019989
2018-12-14,144.059998,35.869999,266.839996
2018-12-17,140.190002,33.43,262.799988
2018-12-18,143.660004,33.740002000000004,270.940002
2018-12-19,133.240005,32.93,266.769989
2018-12-20,133.399994,29.290001,260.579987
2018-12-21,124.949997,27.309999,246.389999
2018-12-24,124.059998,26.450001,233.880005
2018-12-26,134.179993,28.66,253.669998
2018-12-27,134.520004,28.68,255.570007
2018-12-28,133.199997,28.43,256.079987
2018-12-31,131.089996,28.74,267.660004
2019-01-02,135.679993,28.809999,267.660004
2019-01-03,131.740005,27.99,271.200012
2019-01-04,137.949997,29.950001,297.570007
2019-01-07,138.050003,31.34,315.339996
2019-01-08,142.529999,31.799999,320.269989
2019-01-09,144.229996,32.25,319.959991
2019-01-10,144.199997,33.09,324.660004
2019-01-11,143.800003,32.869999,337.589996
2019-01-14,145.389999,32.369999,332.940002
2019-01-15,148.949997,33.02,354.640015
2019-01-16,147.53999299999995,32.470001,351.390015
2019-01-17,148.300003,32.849998,353.190002
2019-01-18,150.03999299999995,33.27,339.100006
2019-01-22,147.570007,32.25,325.160004
2019-01-23,144.300003,30.969999,321.98999
2019-01-24,145.830002,31.610001,326.670013
2019-01-25,149.009995,32.900002,338.049988
2019-01-28,147.470001,33.130001,335.660004
2019-01-29,144.190002,31.639999,328.899994
2019-01-30,150.419998,32.259998,340.660004
2019-01-31,166.690002,33.560001,339.5
2019-02-01,165.71000700000005,33.189999,339.850006
2019-02-04,169.25,33.939999,351.339996
2019-02-05,171.160004,34.369999,355.809998
2019-02-06,170.490005,34.16,352.190002
2019-02-07,166.380005,30.799999,344.709991
2019-02-08,167.330002,30.01,347.570007
2019-02-11,165.78999299999995,30.23,345.730011
2019-02-12,165.03999299999995,30.389999,359.970001
2019-02-13,164.070007,31.120001,351.769989
2019-02-14,163.949997,30.959999,359.070007
2019-02-15,162.5,31.23,356.869995
2019-02-19,162.28999299999995,31.65,361.920013
2019-02-20,162.559998,31.370001,359.910004
2019-02-21,160.03999299999995,30.76,356.970001
2019-02-22,161.889999,31.709999,363.019989
2019-02-25,164.619995,31.99,363.910004
2019-02-26,164.130005,31.01,364.970001
2019-02-27,162.809998,30.41,362.869995
2019-02-28,161.449997,30.780001,358.100006
2019-03-01,162.279999,30.620001,357.320007
2019-03-04,167.369995,30.5,351.040009
2019-03-05,171.259995,31.030001,354.299988
2019-03-06,172.509995,30.799999,359.609985
2019-03-07,169.130005,30.120001,352.600006
2019-03-08,169.600006,30.040001,349.600006
2019-03-11,172.070007,30.870001,358.859985
2019-03-12,171.919998,31.16,356.269989
2019-03-13,173.369995,31.299999,361.209991
2019-03-14,170.169998,31.030001,358.820007
2019-03-15,165.979996,31.219999,361.459991
2019-03-18,160.470001,31.08,363.440002
2019-03-19,161.570007,31.27,358.7799990000001
2019-03-20,165.440002,32.57,375.220001
2019-03-21,166.080002,32.610001000000004,377.869995
2019-03-22,164.339996,33.02,361.01001
2019-03-25,166.28999299999995,32.59,366.230011
2019-03-26,167.679993,33.060001,359.970001
2019-03-27,165.869995,32.279999,353.369995
2019-03-28,165.550003,32.869999,354.609985
2019-03-29,166.690002,32.880001,356.559998
2019-04-01,168.699997,33.439999,366.959991
2019-04-02,174.199997,33.75,367.720001
2019-04-03,173.53999299999995,34.380001,369.75
2019-04-04,176.020004,34.419998,367.880005
2019-04-05,175.720001,34.720001,365.48999
2019-04-08,174.929993,34.860001000000004,361.410004
2019-04-09,177.580002,35.139999,364.709991
2019-04-10,177.820007,34.75,363.920013
2019-04-11,177.509995,34.580002,367.649994
2019-04-12,179.100006,34.369999,351.140015
2019-04-15,179.649994,34.709999,348.869995
2019-04-16,178.869995,34.459999,359.459991
2019-04-17,178.779999,34.48,354.73999
2019-04-18,178.279999,34.400002,360.350006
2019-04-22,181.440002,34.389999,377.339996
2019-04-23,183.779999,39.77,381.890015
2019-04-24,182.580002,39.290001,374.230011
2019-04-25,193.259995,38.48,368.329987
2019-04-26,191.490005,38.669998,374.850006
2019-04-29,194.779999,39.779999,371.829987
2019-04-30,193.399994,39.91,370.540009
2019-05-01,193.029999,39.290001,378.809998
2019-05-02,192.529999,39.950001,379.059998
2019-05-03,195.470001,40.799999,385.029999
2019-05-06,193.880005,40.23,378.670013
2019-05-07,189.770004,38.619999,370.459991
2019-05-08,189.539993,38.580002,364.369995
2019-05-09,188.649994,38.790001,362.75
2019-05-10,188.339996,38.450001,361.040009
2019-05-13,181.539993,36.59,345.26001
2019-05-14,180.729996,36.93,345.609985
2019-05-15,186.270004,37.900002,354.98999
2019-05-16,186.990005,38.299999,359.309998
2019-05-17,185.300003,37.5,354.450012
2019-05-20,182.720001,37.150002,348.109985
2019-05-21,184.820007,37.470001,354.269989
2019-05-22,185.320007,38.580002,359.730011
2019-05-23,180.869995,37.189999,352.209991
2019-05-24,181.059998,37.41,354.390015
2019-05-28,184.309998,37.290001,355.059998
2019-05-29,182.190002,36.849998,349.190002
2019-05-30,183.009995,37.139999,351.850006
2019-05-31,177.470001,36.439999,343.2799990000001
2019-06-03,164.149994,34.43,336.630005
2019-06-04,167.5,36.099998,353.399994
2019-06-05,168.169998,36.330002,355.730011
2019-06-06,168.330002,36.59,357.130005
2019-06-07,173.350006,37.93,360.869995
2019-06-10,174.820007,37.639999,352.01001
2019-06-11,178.100006,37.209999,351.269989
2019-06-12,175.03999299999995,37.490002,345.559998
2019-06-13,177.470001,36.34,343.429993
2019-06-14,181.330002,36.150002,339.730011
2019-06-17,189.009995,36.439999,350.619995
2019-06-18,188.470001,36.650002,357.119995
2019-06-19,187.479996,36.290001,363.519989
2019-06-20,189.529999,35.439999,365.209991
2019-06-21,191.139999,35.02,369.209991
2019-06-24,192.600006,35.580002,371.040009
2019-06-25,188.839996,34.720001,360.299988
2019-06-26,187.660004,35.220001,362.200012
2019-06-27,189.5,34.75,370.019989
2019-06-28,193.0,34.900002,367.320007
2019-07-01,193.0,36.080002,374.600006
2019-07-02,195.0,36.220001,375.429993
2019-07-03,197.199997,36.02,381.720001
2019-07-05,196.399994,36.25,380.549988
2019-07-08,195.759995,36.450001,376.160004
2019-07-09,199.210007,37.650002,379.929993
2019-07-10,202.729996,37.470001,381.0
2019-07-11,201.229996,37.209999,379.5
2019-07-12,204.869995,37.84,373.25
2019-07-15,203.910004,38.68,366.600006
2019-07-16,203.839996,37.990002,365.98999
2019-07-17,201.800003,37.700001,362.440002
2019-07-18,200.779999,37.66,325.209991
2019-07-19,198.360001,36.77,315.100006
2019-07-22,202.320007,37.580002,310.619995
2019-07-23,202.360001,37.900002,307.299988
2019-07-24,204.660004,38.73,317.940002
2019-07-25,200.710007,38.119999,326.459991
2019-07-26,199.75,41.52,335.7799990000001
2019-07-29,195.940002,41.5,332.700012
2019-07-30,197.039993,41.0,325.929993
2019-07-31,194.229996,42.310001,322.98999
2019-08-01,192.729996,42.080002,319.5
2019-08-02,189.020004,42.849998,318.829987
2019-08-05,181.729996,40.369999,307.630005
2019-08-06,184.509995,41.32,310.100006
2019-08-07,185.149994,41.73,304.290009
2019-08-08,190.160004,42.07,315.899994
2019-08-09,187.850006,41.529999,308.929993
2019-08-12,185.369995,40.48,310.829987
2019-08-13,188.449997,41.810001,312.2799990000001
2019-08-14,179.71000700000005,40.650002,299.109985
2019-08-15,182.589996,40.09,295.76001
2019-08-16,183.699997,40.580002,302.799988
2019-08-19,186.169998,41.700001,309.380005
2019-08-20,183.809998,42.290001,298.98999
2019-08-21,183.550003,42.799999,297.809998
2019-08-22,182.039993,42.18,296.929993
2019-08-23,177.75,41.0,291.440002
2019-08-26,180.360001,41.439999,294.980011
2019-08-27,181.300003,42.139999,291.0299990000001
2019-08-28,181.759995,41.68,291.769989
2019-08-29,185.570007,42.490002,296.7799990000001
2019-08-30,185.669998,42.650002,293.75
2019-09-03,182.389999,41.959999,289.290009
2019-09-04,187.139999,43.360001,291.519989
2019-09-05,190.899994,45.299999,293.25
2019-09-06,187.490005,45.419998,290.170013
2019-09-09,188.759995,44.259998,294.339996
2019-09-10,186.169998,43.25,287.98999
2019-09-11,188.490005,43.25,288.269989
2019-09-12,187.470001,43.200001,288.859985
2019-09-13,187.190002,42.630001,294.149994
2019-09-16,186.220001,42.759998,294.290009
2019-09-17,188.080002,43.240002,298.600006
2019-09-18,188.139999,43.240002,291.559998
2019-09-19,190.139999,42.93,286.600006
2019-09-20,189.929993,43.23,270.75
2019-09-23,186.820007,43.380001,265.920013
2019-09-24,181.279999,41.419998,254.589996
2019-09-25,182.800003,42.5,264.75
2019-09-26,180.110001,42.439999,263.309998
2019-09-27,177.100006,41.349998,263.079987
2019-09-30,178.080002,41.200001,267.619995
2019-10-01,175.809998,40.25,269.579987
2019-10-02,174.600006,39.700001,268.02999900000003
2019-10-03,179.380005,40.0,268.149994
2019-10-04,180.449997,40.360001,272.790009
2019-10-07,179.679993,40.799999,274.459991
2019-10-08,177.75,39.700001,270.720001
2019-10-09,179.850006,39.5,267.52999900000003
2019-10-10,180.029999,39.540001,280.480011
2019-10-11,184.190002,40.360001,282.929993
2019-10-14,183.279999,39.779999,285.5299990000001
2019-10-15,188.889999,40.279999,284.25
2019-10-16,189.550003,39.91,286.2799990000001
2019-10-17,190.389999,39.610001,293.350006
2019-10-18,185.850006,38.990002,275.299988
2019-10-21,189.759995,40.09,278.049988
2019-10-22,182.339996,38.810001,266.690002
2019-10-23,186.149994,38.830002,271.269989
2019-10-24,186.380005,30.75,271.5
2019-10-25,187.889999,30.299999,276.820007
2019-10-28,189.399994,30.059999,281.859985
2019-10-29,189.309998,29.85,281.209991
2019-10-30,188.25,29.860001,291.450012
2019-10-31,191.649994,29.969999,287.410004
2019-11-01,193.619995,29.620001,286.809998
2019-11-04,194.720001,30.049999,292.859985
2019-11-05,194.320007,29.809999,288.0299990000001
2019-11-06,191.550003,29.540001,288.589996
2019-11-07,190.419998,29.049999,289.570007
2019-11-08,190.839996,29.209999,291.570007
2019-11-11,189.610001,29.34,294.179993
2019-11-12,194.470001,29.049999,292.01001
2019-11-13,193.190002,29.08,283.109985
2019-11-14,193.149994,28.889999,289.619995
2019-11-15,195.100006,29.25,295.0299990000001
2019-11-18,197.399994,29.49,302.570007
2019-11-19,199.320007,29.440001,302.600006
2019-11-20,197.509995,29.17,305.160004
2019-11-21,197.929993,29.790001,311.690002
2019-11-22,198.820007,30.030001,310.480011
2019-11-25,199.789993,30.540001,315.549988
2019-11-26,198.970001,30.959999,312.48999
2019-11-27,202.0,31.17,315.929993
2019-11-29,201.639999,30.91,314.660004
2019-12-02,199.699997,30.42,309.98999
2019-12-03,198.820007,29.969999,306.160004
2019-12-04,198.710007,30.0,304.320007
2019-12-05,199.360001,30.040001,302.859985
2019-12-06,201.050003,30.190001,307.350006
2019-12-09,201.339996,30.209999,302.5
2019-12-10,200.869995,29.84,293.119995
2019-12-11,202.259995,30.549999,298.929993
2019-12-12,196.75,30.299999,298.440002
2019-12-13,194.110001,30.389999,298.5
2019-12-16,197.919998,30.969999,304.209991
2019-12-17,198.389999,30.700001,315.480011
2019-12-18,202.5,31.68,320.799988
2019-12-19,206.059998,32.029999,332.220001
2019-12-20,206.300003,32.130001,336.899994
2019-12-23,206.179993,32.43,333.100006
2019-12-24,205.119995,32.5,333.200012
2019-12-26,207.789993,32.630001,332.630005
2019-12-27,208.100006,32.549999,329.089996
2019-12-30,204.410004,32.029999,323.309998
2019-12-31,205.25,32.049999,323.570007
2020-01-02,209.77999900000003,32.299999,329.809998
2020-01-03,208.669998,31.52,325.899994
2020-01-06,212.600006,31.639999,335.829987
2020-01-07,213.059998,32.540001000000004,330.75
2020-01-08,215.220001,33.049999,339.26001
2020-01-09,218.300003,33.220001,335.660004
2020-01-10,218.059998,32.779999,329.049988
2020-01-13,221.910004,32.689999,338.920013
2020-01-14,219.059998,32.82,338.690002
2020-01-15,221.149994,33.23,339.070007
2020-01-16,221.770004,34.189999,338.619995
2020-01-17,222.139999,34.220001,339.670013
2020-01-21,221.440002,34.09,338.109985
2020-01-22,221.320007,34.02,326.0
2020-01-23,219.75999500000003,33.889999,349.600006
2020-01-24,217.940002,33.189999,353.160004
2020-01-27,214.869995,32.779999,342.880005
2020-01-28,217.789993,33.419998,348.519989
2020-01-29,223.229996,33.630001,343.160004
2020-01-30,209.529999,33.220001,347.73999
2020-01-31,201.910004,32.48,345.089996
2020-02-03,204.190002,33.07,358.0
2020-02-04,209.830002,33.959999,369.01001
2020-02-05,210.110001,33.389999,369.670013
2020-02-06,210.850006,38.41,366.950012
2020-02-07,212.330002,37.029999,366.769989
2020-02-10,213.059998,35.959999,371.070007
2020-02-11,207.190002,35.650002,373.690002
2020-02-12,210.75999500000003,36.790001,380.01001
2020-02-13,213.139999,37.16,381.399994
2020-02-14,214.179993,36.91,380.399994
2020-02-18,217.800003,38.060001,387.779999
2020-02-19,217.490005,38.77,386.190002
2020-02-20,214.580002,39.049999,386.0
2020-02-21,210.179993,38.310001,380.070007
2020-02-24,200.720001,35.889999,368.700012
2020-02-25,196.770004,35.209999,360.089996
2020-02-26,197.199997,34.630001,379.23999
2020-02-27,189.75,33.009998,371.709991
2020-02-28,192.470001,33.200001,369.029999
2020-03-02,196.440002,35.82,381.049988
2020-03-03,185.889999,34.93,368.769989
2020-03-04,191.759995,36.0,383.790009
2020-03-05,185.169998,34.970001,372.779999
2020-03-06,181.089996,33.459999,368.970001
2020-03-09,169.5,32.459999,346.48999
2020-03-10,178.190002,34.310001,364.130005
2020-03-11,170.240005,31.299999,349.920013
2020-03-12,154.470001,26.780001,315.25
2020-03-13,170.279999,29.290001,336.299988
2020-03-16,146.009995,24.040001,298.839996
2020-03-17,149.419998,24.48,319.75
2020-03-18,146.96000700000005,22.0,315.470001
2020-03-19,153.130005,24.129999,332.0299990000001
2020-03-20,149.729996,23.950001,332.829987
2020-03-23,148.100006,24.690001,360.269989
2020-03-24,160.979996,25.85,357.320007
2020-03-25,156.21000700000005,25.969999,342.390015
2020-03-26,163.339996,26.41,362.98999
2020-03-27,156.78999299999995,25.290001,357.119995
2020-03-30,165.949997,25.59,370.959991
2020-03-31,166.800003,24.559999,375.5
2020-04-01,159.600006,23.32,364.079987
2020-04-02,158.190002,23.02,370.079987
2020-04-03,154.179993,23.09,361.76001
2020-04-06,165.550003,24.93,379.959991
2020-04-07,168.830002,25.610001,372.279999
2020-04-08,174.279999,27.860001,371.119995
2020-04-09,175.190002,27.77,370.720001
2020-04-13,174.78999299999995,27.209999,396.720001
2020-04-14,178.169998,27.940001,413.549988
2020-04-15,176.970001,27.51,426.75
2020-04-16,176.25,26.549999,439.170013
2020-04-17,179.240005,26.700001,422.959991
2020-04-20,178.240005,27.01,437.48999
2020-04-21,170.800003,25.75,433.829987
2020-04-22,182.279999,28.440001,421.420013
2020-04-23,185.130005,27.860001,426.700012
2020-04-24,190.070007,28.74,424.98999
2020-04-27,187.5,30.0,421.380005
2020-04-28,182.910004,28.790001,403.829987
2020-04-29,194.190002,31.09,411.890015
2020-04-30,204.710007,28.68,419.850006
2020-05-01,202.270004,27.84,415.269989
2020-05-04,205.259995,28.23,428.14999400000005
2020-05-05,207.070007,28.07,424.679993
2020-05-06,208.470001,27.68,434.26001
2020-05-07,211.25999500000003,28.77,436.529999
2020-05-08,212.350006,29.93,435.549988
2020-05-11,213.179993,29.690001,440.519989
2020-05-12,210.100006,29.15,431.820007
2020-05-13,205.100006,28.129999,438.269989
2020-05-14,206.809998,28.559999,441.950012
2020-05-15,210.880005,29.0,454.190002
2020-05-18,213.190002,29.639999,452.579987
2020-05-19,216.880005,29.879999,451.040009
2020-05-20,229.970001,32.23,447.670013
2020-05-21,231.389999,32.34,436.25
2020-05-22,234.910004,32.619999,429.320007
2020-05-26,232.199997,34.009998,414.769989
2020-05-27,229.139999,33.07,419.89001500000006
2020-05-28,225.460007,31.6,413.440002
2020-05-29,225.089996,30.969999,419.7300110000001
2020-06-01,231.910004,31.889999,425.920013
2020-06-02,232.720001,32.259998,427.30999800000006
2020-06-03,230.160004,34.880001,421.970001
2020-06-04,226.289993,33.720001,414.329987
2020-06-05,230.770004,34.869999,419.600006
2020-06-08,231.399994,36.639999,419.48999
2020-06-09,238.669998,35.919998,434.049988
2020-06-10,236.729996,35.139999,434.4800110000001
2020-06-11,224.429993,33.029999,425.55999800000006
2020-06-12,228.580002,33.400002,418.070007
2020-06-15,232.5,34.110001000000004,425.5
2020-06-16,235.649994,34.630001,436.130005
2020-06-17,235.52999900000003,34.34,447.769989
2020-06-18,235.940002,34.029999,449.869995
2020-06-19,238.789993,33.41,453.720001
2020-06-22,239.220001,33.470001,468.040009
2020-06-23,242.240005,32.91,466.26001
2020-06-24,234.020004,31.73,457.850006
2020-06-25,235.679993,31.370001,465.910004
2020-06-26,216.080002,29.049999,443.39999400000005
2020-06-29,220.639999,29.49,447.23999
2020-06-30,227.070007,29.790001,455.040009
2020-07-01,237.550003,30.809999,485.64001500000006
2020-07-02,233.419998,30.870001,476.89001500000006
2020-07-06,240.27999900000003,32.34,493.80999800000006
2020-07-07,240.860001,32.990002000000004,493.160004
2020-07-08,243.580002,35.41,502.779999
2020-07-09,244.5,35.720001,507.76001
2020-07-10,245.070007,35.400002,548.72998
2020-07-13,239.0,33.82,525.5
2020-07-14,239.729996,34.380001,524.880005
2020-07-15,240.27999900000003,35.669998,523.26001
2020-07-16,240.929993,35.279999,527.3900150000002
2020-07-17,242.02999900000003,35.810001,492.98999
2020-07-20,245.419998,37.060001,502.410004
2020-07-21,241.75,37.009998,490.100006
2020-07-22,239.869995,36.939999,489.820007
2020-07-23,232.600006,38.439999,477.579987
2020-07-24,230.710007,37.540001,480.450012
2020-07-27,233.5,36.849998,495.64999400000005
2020-07-28,230.119995,36.610001,488.51001
2020-07-29,233.289993,37.16,484.4800110000001
2020-07-30,234.5,36.720001,485.799988
2020-07-31,253.669998,36.400002,488.880005
2020-08-03,251.960007,36.389999,498.619995
2020-08-04,249.830002,36.349998,509.64001500000006
2020-08-05,249.119995,36.790001,502.109985
2020-08-06,265.27999900000003,37.689999,509.079987
2020-08-07,268.440002,37.139999,494.7300110000001
2020-08-10,263.0,37.439999,483.380005
2020-08-11,256.130005,37.279999,466.929993
2020-08-12,259.890015,37.439999,475.470001
2020-08-13,261.299988,37.82,481.329987
2020-08-14,261.23999,37.900002,482.679993
2020-08-17,261.160004,37.970001,482.350006
2020-08-18,262.339996,38.009998,491.869995
2020-08-19,262.589996,38.889999,484.529999
2020-08-20,269.01001,38.959999,497.89999400000005
2020-08-21,267.01001,39.259998,492.30999800000006
2020-08-24,271.390015,40.490002,488.80999800000006
2020-08-25,280.820007,40.549999,490.579987
2020-08-26,303.910004,41.080002,547.530029
